1012269-20;08717648138119;MINI TREK Coronary Dilatation Catheter 1.50 mm x 20 mm / Rapid-Exchange;;32;47
1012270-08;08717648138133;MINI TREK Coronary Dilatation Catheter 2.0 mm x 8 mm / Rapid-Exchange;;32;47
1012270-12;08717648138140;MINI TREK Coronary Dilatation Catheter 2.0 mm x 12 mm / Rapid-Exchange;;32;47
1012268-06;08717648138027;MINI TREK Coronary Dilatation Catheter 1.20 mm x 6 mm / Rapid-Exchange;;32;47
1012268-08;08717648138034;MINI TREK Coronary Dilatation Catheter 1.20 mm x 8 mm / Rapid-Exchange;;32;47
1012268-12;08717648138041;MINI TREK Coronary Dilatation Catheter 1.20 mm x 12 mm / Rapid-Exchange;;32;47
1012268-15;08717648138058;MINI TREK Coronary Dilatation Catheter 1.20 mm x 15 mm / Rapid-Exchange;;32;47
1012268-20;08717648138065;MINI TREK Coronary Dilatation Catheter 1.20 mm x 20 mm / Rapid-Exchange;;32;47
1012269-06;08717648138072;MINI TREK Coronary Dilatation Catheter 1.50 mm x 6 mm / Rapid-Exchange;;32;47
1012269-08;08717648138089;MINI TREK Coronary Dilatation Catheter 1.50 mm x 8 mm / Rapid-Exchange;;32;47
1012269-12;08717648138096;MINI TREK Coronary Dilatation Catheter 1.50 mm x 12 mm / Rapid-Exchange;;32;47
1012269-15;08717648138102;MINI TREK Coronary Dilatation Catheter 1.50 mm x 15 mm / Rapid-Exchange;;32;47
1012270-06;08717648138126;MINI TREK Coronary Dilatation Catheter 2.0 mm x 6 mm / Rapid-Exchange;;32;47
1012270-20;08717648138164;MINI TREK Coronary Dilatation Catheter 2.0 mm x 20 mm / Rapid-Exchange;;32;47
1012270-25;08717648138171;MINI TREK Coronary Dilatation Catheter 2.0 mm x 25 mm / Rapid-Exchange;;32;47
1012270-30;08717648138188;MINI TREK Coronary Dilatation Catheter 2.0 mm x 30 mm / Rapid-Exchange;;32;47
1012446-12;08717648151699;NC TREK Coronary Dilatation Catheter 2.25 mm x 12 mm / Rapid-Exchange;;32;47
1012446-25;08717648151729;NC TREK Coronary Dilatation Catheter 2.25 mm x 25 mm/Rapid-Exchange;;32;47
1012448-08;08717648151804;NC TREK Coronary Dilatation Catheter 2.75 mm x 8 mm / Rapid-Exchange;;32;47
1012448-15;08717648151828;NC TREK Coronary Dilatation Catheter 2.75 mm x 15 mm / Rapid-Exchange;;32;47
1012450-12;08717648151927;NC TREK Coronary Dilatation Catheter 3.25 mm x 12 mm / Rapid-Exchange;;32;47
1012450-15;08717648151934;NC TREK Coronary Dilatation Catheter 3.25 mm x 15 mm / Rapid-Exchange;;32;47
1012450-20;08717648151941;NC TREK Coronary Dilatation Catheter 3.25 mm x 20 mm / Rapid-Exchange;;32;47
1012451-08;08717648151965;NC TREK Coronary Dilatation Catheter 3.5 mm x 8 mm / Rapid-Exchange;;32;47
1012453-08;08717648152054;NC TREK Coronary Dilatation Catheter 4.0 mm x 8 mm / Rapid-Exchange;;32;47
1012454-08;08717648152092;NC TREK Coronary Dilatation Catheter 4.5 mm x 8 mm / Rapid-Exchange;;32;47
1012455-12;08717648152146;NC TREK Coronary Dilatation Catheter 5.0 mm x 12 mm / Rapid-Exchange;;32;47
1012444-06;08717648151576;NC TREK Coronary Dilatation Catheter 1.5 mm x 6 mm / Rapid-Exchange;;32;47
1012444-08;08717648151583;NC TREK Coronary Dilatation Catheter 1.5 mm x 8 mm / Rapid-Exchange;;32;47
1012444-12;08717648151590;NC TREK Coronary Dilatation Catheter 1.5 mm x 12 mm / Rapid-Exchange;;32;47
1012444-15;08717648151606;NC TREK Coronary Dilatation Catheter 1.5 mm x 15 mm / Rapid-Exchange;;32;47
1012444-20;08717648151613;NC TREK Coronary Dilatation Catheter 1.5 mm x 20 mm / Rapid-Exchange;;32;47
1012445-06;08717648151620;NC TREK Coronary Dilatation Catheter 2.0 mm x 6 mm / Rapid-Exchange;;32;47
1012445-15;08717648151651;NC TREK Coronary Dilatation Catheter 2.0 mm x 15 mm / Rapid-Exchange;;32;47
1012445-20;08717648151668;NC TREK Coronary Dilatation Catheter 2.0 mm x 20 mm / Rapid-Exchange;;32;47
1012446-06;08717648151675;NC TREK Coronary Dilatation Catheter 2.25 mm x 6 mm / Rapid-Exchange;;32;47
1012446-15;08717648151705;NC TREK Coronary Dilatation Catheter 2.25 mm x 15 mm / Rapid-Exchange;;32;47
1012446-20;08717648151712;NC TREK Coronary Dilatation Catheter 2.25 mm x 20 mm / Rapid-Exchange;;32;47
1012447-06;08717648151736;NC TREK Coronary Dilatation Catheter 2.5 mm x 6 mm / Rapid-Exchange;;32;47
1012447-08;08717648151743;NC TREK Coronary Dilatation Catheter 2.5 mm x 8 mm / Rapid-Exchange;;32;47
1012447-12;08717648151750;NC TREK Coronary Dilatation Catheter 2.5 mm x 12 mm / Rapid-Exchange;;32;47
1012447-15;08717648151767;NC TREK Coronary Dilatation Catheter 2.5 mm x 15 mm / Rapid-Exchange;;32;47
1012447-20;08717648151774;NC TREK Coronary Dilatation Catheter 2.5 mm x 20 mm / Rapid-Exchange;;32;47
1012447-25;08717648151781;NC TREK Coronary Dilatation Catheter 2.5 mm x 25 mm / Rapid-Exchange;;32;47
1012449-15;08717648151873;NC TREK Coronary Dilatation Catheter 3.0 mm x 15 mm / Rapid-Exchange;;32;47
1012449-20;08717648151880;NC TREK Coronary Dilatation Catheter 3.0 mm x 20 mm / Rapid-Exchange;;32;47
1012449-25;08717648151897;NC TREK Coronary Dilatation Catheter 3.0 mm x 25 mm / Rapid-Exchange;;32;47
1012450-06;08717648151903;NC TREK Coronary Dilatation Catheter 3.25 mm x 6 mm / Rapid-Exchange;;32;47
1012450-08;08717648151910;NC TREK Coronary Dilatation Catheter 3.25 mm x 8 mm / Rapid-Exchange;;32;47
1012451-25;08717648152009;NC TREK Coronary Dilatation Catheter 3.5 mm x 25 mm / Rapid-Exchange;;32;47
1012452-08;08717648152016;NC TREK Coronary Dilatation Catheter 3.75 mm x 8 mm / Rapid-Exchange;;32;47
1012452-20;08717648152047;NC TREK Coronary Dilatation Catheter 3.75 mm x 20 mm / Rapid-Exchange;;32;47
1012453-12;08717648152061;NC TREK Coronary Dilatation Catheter 4.0 mm x 12 mm / Rapid-Exchange;;32;47
1012453-15;08717648152078;NC TREK Coronary Dilatation Catheter 4.0 mm x 15 mm / Rapid-Exchange;;32;47
1012453-20;08717648152085;NC TREK Coronary Dilatation Catheter 4.0 mm x 20 mm / Rapid-Exchange;;32;47
1012454-12;08717648152108;NC TREK Coronary Dilatation Catheter 4.5 mm x 12 mm / Rapid-Exchange;;32;47
1012454-15;08717648152115;NC TREK Coronary Dilatation Catheter 4.5 mm x 15 mm / Rapid-Exchange;;32;47
1012454-20;08717648152122;NC TREK Coronary Dilatation Catheter 4.5 mm x 20 mm / Rapid-Exchange;;32;47
1012455-15;08717648152153;NC TREK Coronary Dilatation Catheter 5.0 mm x 15 mm / Rapid-Exchange;;32;47
1012455-20;08717648152160;NC TREK Coronary Dilatation Catheter 5.0 mm x 20 mm / Rapid-Exchange;;32;47
1012445-08;08717648151637;NC TREK Coronary Dilatation Catheter 2.0 mm x 8 mm / Rapid-Exchange;;32;47
1012445-12;08717648151644;NC TREK Coronary Dilatation Catheter 2.0 mm x 12 mm / Rapid-Exchange;;32;47
1012446-08;08717648151682;NC TREK Coronary Dilatation Catheter 2.25 mm x 8 mm / Rapid-Exchange;;32;47
1012448-06;08717648151798;NC TREK Coronary Dilatation Catheter 2.75 mm x 6 mm / Rapid-Exchange;;32;47
1012448-12;08717648151811;NC TREK Coronary Dilatation Catheter 2.75 mm x 12 mm / Rapid-Exchange;;32;47
1012448-20;08717648151835;NC TREK Coronary Dilatation Catheter 2.75 mm x 20 mm / Rapid-Exchange;;32;47
1012449-06;08717648151842;NC TREK Coronary Dilatation Catheter 3.0 mm x 6 mm / Rapid-Exchange;;32;47
1012449-08;08717648151859;NC TREK Coronary Dilatation Catheter 3.0 mm x 8 mm / Rapid-Exchange;;32;47
1012449-12;08717648151866;NC TREK Coronary Dilatation Catheter 3.0 mm x 12 mm / Rapid-Exchange;;32;47
1012451-06;08717648151958;NC TREK Coronary Dilatation Catheter 3.5 mm x 6 mm / Rapid-Exchange;;32;47
1012451-12;08717648151972;NC TREK Coronary Dilatation Catheter 3.5 mm x 12 mm / Rapid-Exchange;;32;47
1012451-15;08717648151989;NC TREK Coronary Dilatation Catheter 3.5 mm x 15 mm / Rapid-Exchange;;32;47
1012451-20;08717648151996;NC TREK Coronary Dilatation Catheter 3.5 mm x 20 mm / Rapid-Exchange;;32;47
1012452-12;08717648152023;NC TREK Coronary Dilatation Catheter 3.75 mm x 12 mm / Rapid-Exchange;;32;47
1012452-15;08717648152030;NC TREK Coronary Dilatation Catheter 3.75 mm x 15 mm / Rapid-Exchange;;32;47
1012455-08;08717648152139;NC TREK Coronary Dilatation Catheter 5.0 mm x 8 mm / Rapid-Exchange;;32;47
1012270-15;08717648138157;MINI TREK Coronary Dilatation Catheter 2.0 mm x 15 mm / Rapid-Exchange;;32;47
1012271-06;08717648138195;TREK Coronary Dilatation Catheter 2.25 mm x 6 mm / Rapid-Exchange;;32;47
1012271-08;08717648138201;TREK Coronary Dilatation Catheter 2.25 mm x 8 mm / Rapid-Exchange;;32;47
1012271-12;08717648138218;TREK Coronary Dilatation Catheter 2.25 mm x 12 mm / Rapid-Exchange;;32;47
1012272-06;08717648138263;TREK Coronary Dilatation Catheter 2.50 mm x 6 mm / Rapid-Exchange;;32;47
1012272-15;08717648138294;TREK Coronary Dilatation Catheter 2.50 mm x 15 mm / Rapid-Exchange;;32;47
1012272-20;08717648138300;TREK Coronary Dilatation Catheter 2.50 mm x 20 mm / Rapid-Exchange;;32;47
1012273-06;08717648138331;TREK Coronary Dilatation Catheter 2.75 mm x 6 mm / Rapid-Exchange;;32;47
1012273-15;08717648138362;TREK Coronary Dilatation Catheter 2.75 mm x 15 mm / Rapid-Exchange;;32;47
1012273-20;08717648138379;TREK Coronary Dilatation Catheter 2.75 mm x 20 mm / Rapid-Exchange;;32;47
1012273-25;08717648138386;TREK Coronary Dilatation Catheter 2.75 mm x 25 mm / Rapid-Exchange;;32;47
1012274-20;08717648138447;TREK Coronary Dilatation Catheter 3.0 mm x 20 mm / Rapid-Exchange;;32;47
1012274-25;08717648138454;TREK Coronary Dilatation Catheter 3.0 mm x 25 mm / Rapid-Exchange;;32;47
1012275-12;08717648138492;TREK Coronary Dilatation Catheter 3.25 mm x 12 mm / Rapid-Exchange;;32;47
1012275-15;08717648138508;TREK Coronary Dilatation Catheter 3.25 mm x 15 mm / Rapid-Exchange;;32;47
1012277-06;08717648138614;TREK Coronary Dilatation Catheter 3.75 mm x 6 mm / Rapid-Exchange;;32;47
1012277-15;08717648138645;TREK Coronary Dilatation Catheter 3.75 mm x 15 mm / Rapid-Exchange;;32;47
1012277-20;08717648138652;TREK Coronary Dilatation Catheter 3.75 mm x 20 mm / Rapid-Exchange;;32;47
1012277-25;08717648138669;TREK Coronary Dilatation Catheter 3.75 mm x 25 mm / Rapid-Exchange;;32;47
1012277-30;08717648138676;TREK Coronary Dilatation Catheter 3.75 mm x 30 mm / Rapid-Exchange;;32;47
1012278-15;08717648138713;TREK Coronary Dilatation Catheter 4.0 mm x 15 mm / Rapid-Exchange;;32;47
1012278-20;08717648138720;TREK Coronary Dilatation Catheter 4.0 mm x 20 mm / Rapid-Exchange;;32;47
1012278-25;08717648138737;TREK Coronary Dilatation Catheter 4.0 mm x 25 mm / Rapid-Exchange;;32;47
1012279-12;08717648138751;TREK Coronary Dilatation Catheter 4.50 mm x 12 mm / Rapid-Exchange;;32;47
1012279-15;08717648138768;TREK Coronary Dilatation Catheter 4.50 mm x 15 mm / Rapid-Exchange;;32;47
1012271-15;08717648138225;TREK Coronary Dilatation Catheter 2.25 mm x 15 mm / Rapid-Exchange;;32;47
1012271-20;08717648138232;TREK Coronary Dilatation Catheter 2.25 mm x 20 mm / Rapid-Exchange;;32;47
1012271-25;08717648138249;TREK Coronary Dilatation Catheter 2.25 mm x 25 mm / Rapid-Exchange;;32;47
1012271-30;08717648138256;TREK Coronary Dilatation Catheter 2.25 mm x 30 mm / Rapid-Exchange;;32;47
1012272-08;08717648138270;TREK Coronary Dilatation Catheter 2.50 mm x 8 mm / Rapid-Exchange;;32;47
1012272-12;08717648138287;TREK Coronary Dilatation Catheter 2.50 mm x 12 mm / Rapid-Exchange;;32;47
1012272-25;08717648138317;TREK Coronary Dilatation Catheter 2.50 mm x 25 mm / Rapid-Exchange;;32;47
1012272-30;08717648138324;TREK Coronary Dilatation Catheter 2.50 mm x 30 mm / Rapid-Exchange;;32;47
1012273-08;08717648138348;TREK Coronary Dilatation Catheter 2.75 mm x 8 mm / Rapid-Exchange;;32;47
1012273-12;08717648138355;TREK Coronary Dilatation Catheter 2.75 mm x 12 mm / Rapid-Exchange;;32;47
1012273-30;08717648138393;TREK Coronary Dilatation Catheter 2.75 mm x 30 mm / Rapid-Exchange;;32;47
1012274-06;08717648138409;TREK Coronary Dilatation Catheter 3.0 mm x 6 mm / Rapid-Exchange;;32;47
1012274-08;08717648138416;TREK Coronary Dilatation Catheter 3.0 mm x 8 mm / Rapid-Exchange;;32;47
1012274-12;08717648138423;TREK Coronary Dilatation Catheter 3.0 mm x 12 mm / Rapid-Exchange;;32;47
1012274-15;08717648138430;TREK Coronary Dilatation Catheter 3.0 mm x 15 mm / Rapid-Exchange;;32;47
1012274-30;08717648138461;TREK Coronary Dilatation Catheter 3.0 mm x 30 mm / Rapid-Exchange;;32;47
1012275-06;08717648138478;TREK Coronary Dilatation Catheter 3.25 mm x 6 mm / Rapid-Exchange;;32;47
1012275-08;08717648138485;TREK Coronary Dilatation Catheter 3.25 mm x 8 mm / Rapid-Exchange;;32;47
1012275-20;08717648138515;TREK Coronary Dilatation Catheter 3.25 mm x 20 mm / Rapid-Exchange;;32;47
1012275-25;08717648138522;TREK Coronary Dilatation Catheter 3.25 mm x 25 mm / Rapid-Exchange;;32;47
1012275-30;08717648138539;TREK Coronary Dilatation Catheter 3.25 mm x 30 mm / Rapid-Exchange;;32;47
1012276-06;08717648138546;TREK Coronary Dilatation Catheter 3.50 mm x 6 mm / Rapid-Exchange;;32;47
1012276-08;08717648138553;TREK Coronary Dilatation Catheter 3.50 mm x 8 mm / Rapid-Exchange;;32;47
1012276-12;08717648138560;TREK Coronary Dilatation Catheter 3.50 mm x 12 mm / Rapid-Exchange;;32;47
1012276-15;08717648138577;TREK Coronary Dilatation Catheter 3.50 mm x 15 mm / Rapid-Exchange;;32;47
1012276-20;08717648138584;TREK Coronary Dilatation Catheter 3.50 mm x 20 mm / Rapid-Exchange;;32;47
1012276-25;08717648138591;TREK Coronary Dilatation Catheter 3.50 mm x 25 mm / Rapid-Exchange;;32;47
1012276-30;08717648138607;TREK Coronary Dilatation Catheter 3.50 mm x 30 mm / Rapid-Exchange;;32;47
1012277-08;08717648138621;TREK Coronary Dilatation Catheter 3.75 mm x 8 mm / Rapid-Exchange;;32;47
1012277-12;08717648138638;TREK Coronary Dilatation Catheter 3.75 mm x 12 mm / Rapid-Exchange;;32;47
1012278-06;08717648138683;TREK Coronary Dilatation Catheter 4.0 mm x 6 mm / Rapid-Exchange;;32;47
1012278-08;08717648138690;TREK Coronary Dilatation Catheter 4.0 mm x 8 mm / Rapid-Exchange;;32;47
1012278-12;08717648138706;TREK Coronary Dilatation Catheter 4.0 mm x 12 mm / Rapid-Exchange;;32;47
1012278-30;08717648138744;TREK Coronary Dilatation Catheter 4.0 mm x 30 mm / Rapid-Exchange;;32;47
1012280-12;08717648138775;TREK Coronary Dilatation Catheter 5.0 mm x 12 mm / Rapid-Exchange;;32;47
1012280-15;08717648138782;TREK Coronary Dilatation Catheter 5.0 mm x 15 mm / Rapid-Exchange;;32;47
1076225-08;08717648164019;Xience PROX Everolimus Eluting Coronary Stent System 2.25 mm x 08 mm / Rapid-Exchange;;119;197
1076250-08;08717648164118;Xience PROX Everolimus Eluting Coronary Stent System 2.5 mm x 08 mm / Rapid-Exchange;;119;197
1076250-15;08717648164132;Xience PROX Everolimus Eluting Coronary Stent System 2.5 mm x 15 mm / Rapid-Exchange;;119;197
1076250-18;08717648164149;Xience PROX Everolimus Eluting Coronary Stent System 2.5 mm x 18 mm / Rapid-Exchange;;119;197
1076250-33;08717648164170;Xience PROX Everolimus Eluting Coronary Stent System 2.5 mm x 33 mm / Rapid-Exchange;;119;197
1076250-38;08717648164187;Xience PROX Everolimus Eluting Coronary Stent System 2.5 mm x 38 mm / Rapid-Exchange;;119;197
1076275-08;08717648164217;Xience PROX Everolimus Eluting Coronary Stent System 2.75 mm x 08 mm / Rapid-Exchange;;119;197
1076275-12;08717648164224;Xience PROX Everolimus Eluting Coronary Stent System 2.75 mm x 12 mm / Rapid-Exchange;;119;197
1076275-23;08717648164255;Xience PROX Everolimus Eluting Coronary Stent System 2.75 mm x 23 mm / Rapid-Exchange;;119;197
1076300-23;08717648164354;Xience PROX Everolimus Eluting Coronary Stent System 3.0 mm x 23 mm / Rapid-Exchange;;119;197
1076300-28;08717648164361;Xience PROX Everolimus Eluting Coronary Stent System 3.0 mm x 28 mm / Rapid-Exchange;;119;197
1076300-33;08717648164378;Xience PROX Everolimus Eluting Coronary Stent System 3.0 mm x 33 mm / Rapid-Exchange;;119;197
1076300-38;08717648164385;Xience PROX Everolimus Eluting Coronary Stent System 3.0 mm x 38 mm / Rapid-Exchange;;119;197
1076325-08;08717648164415;Xience PROX Everolimus Eluting Coronary Stent System 3.25 mm x 08 mm / Rapid-Exchange;;119;197
1076325-12;08717648164422;Xience PROX Everolimus Eluting Coronary Stent System 3.25 mm x 12 mm / Rapid-Exchange;;119;197
1076325-15;08717648164439;Xience PROX Everolimus Eluting Coronary Stent System 3.25 mm x 15 mm / Rapid-Exchange;;119;197
1076325-18;08717648161780;Xience PROX Everolimus Eluting Coronary Stent System 3.25 mm x 18 mm / Rapid-Exchange;;119;197
1076325-23;08717648161797;Xience PROX Everolimus Eluting Coronary Stent System 3.25 mm x 23 mm / Rapid-Exchange;;119;197
1076325-28;08717648161766;Xience PROX Everolimus Eluting Coronary Stent System 3.25 mm x 28 mm / Rapid-Exchange;;119;197
1076350-08;08717648161834;Xience PROX Everolimus Eluting Coronary Stent System 3.5 mm x 08 mm / Rapid-Exchange;;119;197
1076350-12;08717648161841;Xience PROX Everolimus Eluting Coronary Stent System 3.5 mm x 12 mm / Rapid-Exchange;;119;197
1076350-23;08717648161872;Xience PROX Everolimus Eluting Coronary Stent System 3.5 mm x 23 mm / Rapid-Exchange;;119;197
1076350-28;08717648161889;Xience PROX Everolimus Eluting Coronary Stent System 3.5 mm x 28 mm / Rapid-Exchange;;119;197
1076400-08;08717648164460;Xience PROX Everolimus Eluting Coronary Stent System 4.0 mm x 08 mm / Rapid-Exchange;;119;197
1076400-18;08717648164491;Xience PROX Everolimus Eluting Coronary Stent System 4.0 mm x 18 mm / Rapid-Exchange;;119;197
1076400-23;08717648164507;Xience PROX Everolimus Eluting Coronary Stent System 4.0 mm x 23 mm / Rapid-Exchange;;119;197
1076400-28;08717648164514;Xience PROX Everolimus Eluting Coronary Stent System 4.0 mm x 28 mm / Rapid-Exchange;;119;197
1076400-33;08717648164521;Xience PROX Everolimus Eluting Coronary Stent System 4.0 mm x 33 mm / Rapid-Exchange;;119;197
1076400-38;08717648164538;Xience PROX Everolimus Eluting Coronary Stent System 4.0 mm x 38 mm / Rapid-Exchange;;119;197
1500200-12;08717648218125;XIENCE Sierra Everolimus Eluting Coronary Stent System 2.0 mm x 12 mm Rapid-Exchange;;119;197
1500200-15;08717648218132;XIENCE Sierra Everolimus Eluting Coronary Stent System 2.0 mm x 15 mm Rapid-Exchange;;119;197
1500200-18;08717648218149;XIENCE Sierra Everolimus Eluting Coronary Stent System 2.0 mm x 18 mm Rapid-Exchange;;119;197
1500200-28;08717648218163;XIENCE Sierra Everolimus Eluting Coronary Stent System 2.0 mm x 28 mm Rapid-Exchange;;119;197
1500200-33;08717648218170;XIENCE Sierra Everolimus Eluting Coronary Stent System 2.0 mm x 33 mm Rapid-Exchange;;119;197
1500200-38;08717648218187;XIENCE Sierra Everolimus Eluting Coronary Stent System 2.0 mm x 38 mm Rapid-Exchange;;119;197
1500225-08;08717648218194;XIENCE Sierra Everolimus Eluting Coronary Stent System 2.25 mm x 8 mm Rapid-Exchange;;119;197
1500225-12;08717648218200;XIENCE Sierra Everolimus Eluting Coronary Stent System 2.25 mm x 12 mm Rapid-Exchange;;119;197
1500225-15;08717648218217;XIENCE Sierra Everolimus Eluting Coronary Stent System 2.25 mm x 15 mm Rapid-Exchange;;119;197
1500225-23;08717648218231;XIENCE Sierra Everolimus Eluting Coronary Stent System 2.25 mm x 23 mm Rapid-Exchange;;119;197
1500250-08;08717648218279;XIENCE Sierra Everolimus Eluting Coronary Stent System 2.5 mm x 8 mm Rapid-Exchange;;119;197
1500250-15;08717648218293;XIENCE Sierra Everolimus Eluting Coronary Stent System 2.5 mm x 15 mm Rapid-Exchange;;119;197
1500250-23;08717648218316;XIENCE Sierra Everolimus Eluting Coronary Stent System 2.5 mm x 23 mm Rapid-Exchange;;119;197
1500250-28;08717648218323;XIENCE Sierra Everolimus Eluting Coronary Stent System 2.5 mm x 28 mm Rapid-Exchange;;119;197
1500250-33;08717648218330;XIENCE Sierra Everolimus Eluting Coronary Stent System 2.5 mm x 33 mm Rapid-Exchange;;119;197
1500250-38;08717648218347;XIENCE Sierra Everolimus Eluting CoronaryStent System 2.5 mm x 38 mm Rapid-Exchange;;119;197
1500275-12;08717648218378;XIENCE Sierra Everolimus Eluting Coronary Stent System 2.75 mm x 12 mm Rapid-Exchange;;119;197
1500275-15;08717648218385;XIENCE Sierra Everolimus Eluting Coronary Stent System 2.75 mm x 15 mm Rapid-Exchange;;119;197
1500275-23;08717648218408;XIENCE Sierra Everolimus Eluting Coronary Stent System 2.75 mm x 23 mm Rapid-Exchange;;119;197
1500300-08;08717648218453;XIENCE Sierra Everolimus Eluting Coronary Stent System 3.0 mm x 8 mm Rapid-Exchange;;119;197
1500325-08;08717648218545;XIENCE Sierra Everolimus Eluting Coronary Stent System 3.25 mm x 8 mm Rapid-Exchange;;119;197
1500325-23;08717648218583;XIENCE Sierra Everolimus Eluting Coronary Stent System 3.25 mm x 23 mm Rapid-Exchange;;119;197
1500325-28;08717648218590;XIENCE Sierra Everolimus Eluting Coronary Stent System 3.25 mm x 28 mm Rapid-Exchange;;119;197
1500350-23;08717648218675;XIENCE Sierra Everolimus Eluting Coronary Stent System 3.5 mm x 23 mm Rapid-Exchange;;119;197
1500350-28;08717648218682;XIENCE Sierra Everolimus Eluting Coronary Stent System 3.5 mm x 28 mm Rapid-Exchange;;119;197
1500350-33;08717648218699;XIENCE Sierra Everolimus Eluting Coronary Stent System 3.5 mm x 33 mm Rapid-Exchange;;119;197
1500400-08;08717648218729;XIENCE Sierra Everolimus Eluting Coronary Stent System 4.0 mm x 8 mm Rapid-Exchange;;119;197
1500400-38;08717648218798;XIENCE Sierra Everolimus Eluting Coronary Stent System 4.0 mm x 38 mm Rapid-Exchange;;119;197
1128200-08;08717648226397;XIENCE PROA Everolimus Eluting Coronary Stent System 2.00 mm x 08 mm / Rapid-Exchange;;119;197
1128200-23;08717648226427;XIENCE PROA Everolimus Eluting Coronary Stent System 2.00 mm x 23 mm / Rapid-Exchange;;119;197
1128200-28;08717648226434;XIENCE PROA Everolimus Eluting Coronary Stent System 2.00 mm x 28 mm / Rapid-Exchange;;119;197
1128225-08;08717648226441;XIENCE PROA Everolimus Eluting Coronary Stent System 2.25 mm x 08 mm / Rapid-Exchange;;119;197
1128225-12;08717648226458;XIENCE PROA Everolimus Eluting Coronary Stent System 2.25 mm x 12 mm / Rapid-Exchange;;119;197
1128225-15;08717648226465;XIENCE PROA Everolimus Eluting Coronary Stent System 2.25 mm x 15 mm / Rapid-Exchange;;119;197
1128225-23;08717648226489;XIENCE PROA Everolimus Eluting Coronary Stent System 2.25 mm x 23 mm / Rapid-Exchange;;119;197
1128225-28;08717648226496;XIENCE PROA Everolimus Eluting Coronary Stent System 2.25 mm x 28 mm / Rapid-Exchange;;119;197
1128250-08;08717648226502;XIENCE PROA Everolimus Eluting Coronary Stent System 2.50 mm x 08 mm / Rapid-Exchange;;119;197
1128250-12;08717648226519;XIENCE PROA Everolimus Eluting Coronary Stent System 2.50 mm x 12 mm / Rapid-Exchange;;119;197
1128250-15;08717648226526;XIENCE PROA Everolimus Eluting Coronary Stent System 2.50 mm x 15 mm / Rapid-Exchange;;119;197
1128250-23;08717648226540;XIENCE PROA Everolimus Eluting Coronary Stent System 2.50 mm x 23 mm / Rapid-Exchange;;119;197
1128250-38;08717648226571;XIENCE PROA Everolimus Eluting Coronary Stent System 2.50 mm x 38 mm / Rapid-Exchange;;119;197
1128275-08;08717648226588;XIENCE PROA Everolimus Eluting Coronary Stent System 2.75 mm x 08 mm / Rapid-Exchange;;119;197
1128275-38;08717648226656;XIENCE PROA Everolimus Eluting Coronary Stent System 2.75 mm x 38 mm / Rapid-Exchange;;119;197
1128300-12;08717648226670;XIENCE PROA Everolimus Eluting Coronary Stent System 3.00 mm x 12 mm / Rapid-Exchange;;119;197
1128300-15;08717648226915;XIENCE PROA Everolimus Eluting Coronary Stent System 3.00 mm x 15 mm / Rapid-Exchange;;119;197
1128300-18;08717648226687;XIENCE PROA Everolimus Eluting Coronary Stent System 3.00 mm x 18 mm / Rapid-Exchange;;119;197
1128300-38;08717648226724;XIENCE PROA Everolimus Eluting Coronary Stent System 3.00 mm x 38 mm / Rapid-Exchange;;119;197
1128350-08;08717648226731;XIENCE PROA Everolimus Eluting Coronary Stent System 3.50 mm x 08 mm / Rapid-Exchange;;119;197
1128350-12;08717648226748;XIENCE PROA Everolimus Eluting Coronary Stent System 3.50 mm x 12 mm / Rapid-Exchange;;119;197
1128350-15;08717648226755;XIENCE PROA Everolimus Eluting Coronary Stent System 3.50 mm x 15 mm / Rapid-Exchange;;119;197
1128350-18;08717648226762;XIENCE PROA Everolimus Eluting Coronary Stent System 3.50 mm x 18 mm / Rapid-Exchange;;119;197
1128350-23;08717648226779;XIENCE PROA Everolimus Eluting Coronary Stent System 3.50 mm x 23 mm / Rapid-Exchange;;119;197
1128350-28;08717648226786;XIENCE PROA Everolimus Eluting Coronary Stent System 3.50 mm x 28 mm / Rapid-Exchange;;119;197
1128350-33;08717648226793;XIENCE PROA Everolimus Eluting Coronary Stent System 3.50 mm x 33 mm / Rapid-Exchange;;119;197
1128400-12;08717648226823;XIENCE PROA Everolimus Eluting Coronary Stent System 4.00 mm x 12 mm / Rapid-Exchange;;119;197
1128400-18;08717648226847;XIENCE PROA Everolimus Eluting Coronary Stent System 4.00 mm x 18 mm / Rapid-Exchange;;119;197
1128400-33;08717648226878;XIENCE PROA Everolimus Eluting Coronary Stent System 4.00 mm x 33 mm / Rapid-Exchange;;119;197
1128200-12;08717648226380;XIENCE PROA Everolimus Eluting Coronary Stent System 2.00 mm x 12 mm / Rapid-Exchange;;119;197
1128200-15;08717648226403;XIENCE PROA Everolimus Eluting Coronary Stent System 2.00 mm x 15 mm / Rapid-Exchange;;119;197
1128200-18;08717648226410;XIENCE PROA Everolimus Eluting Coronary Stent System 2.00 mm x 18 mm / Rapid-Exchange;;119;197
1128225-18;08717648226472;XIENCE PROA Everolimus Eluting Coronary Stent System 2.25 mm x 18 mm / Rapid-Exchange;;119;197
1128250-18;08717648226533;XIENCE PROA Everolimus Eluting Coronary Stent System 2.50 mm x 18 mm / Rapid-Exchange;;119;197
1128250-28;08717648226557;XIENCE PROA Everolimus Eluting Coronary Stent System 2.50 mm x 28 mm / Rapid-Exchange;;119;197
1128250-33;08717648226564;XIENCE PROA Everolimus Eluting Coronary Stent System 2.50 mm x 33 mm / Rapid-Exchange;;119;197
1128275-12;08717648226595;XIENCE PROA Everolimus Eluting Coronary Stent System 2.75 mm x 12 mm / Rapid-Exchange;;119;197
1128275-15;08717648226601;XIENCE PROA Everolimus Eluting Coronary Stent System 2.75 mm x 15 mm / Rapid-Exchange;;119;197
1128275-18;08717648226618;XIENCE PROA Everolimus Eluting Coronary Stent System 2.75 mm x 18 mm / Rapid-Exchange;;119;197
1128275-23;08717648226625;XIENCE PROA Everolimus Eluting Coronary Stent System 2.75 mm x 23 mm / Rapid-Exchange;;119;197
1128275-28;08717648226632;XIENCE PROA Everolimus Eluting Coronary Stent System 2.75 mm x 28 mm / Rapid-Exchange;;119;197
1128275-33;08717648226649;XIENCE PROA Everolimus Eluting Coronary Stent System 2.75 mm x 33 mm / Rapid-Exchange;;119;197
1128300-08;08717648226663;XIENCE PROA Everolimus Eluting Coronary Stent System 3.00 mm x 08 mm / Rapid-Exchange;;119;197
1128300-23;08717648226694;XIENCE PROA Everolimus Eluting Coronary Stent System 3.00 mm x 23 mm / Rapid-Exchange;;119;197
1128300-28;08717648226700;XIENCE PROA Everolimus Eluting Coronary Stent System 3.00 mm x 28 mm / Rapid-Exchange;;119;197
1128300-33;08717648226717;XIENCE PROA Everolimus Eluting Coronary Stent System 3.00 mm x 33 mm / Rapid-Exchange;;119;197
1128350-38;08717648226809;XIENCE PROA Everolimus Eluting Coronary Stent System 3.50 mm x 38 mm / Rapid-Exchange;;119;197
1128400-08;08717648226816;XIENCE PROA Everolimus Eluting Coronary Stent System 4.00 mm x 08 mm / Rapid-Exchange;;119;197
1128400-15;08717648226830;XIENCE PROA Everolimus Eluting Coronary Stent System 4.00 mm x 15 mm / Rapid-Exchange;;119;197
1128400-23;08717648226854;XIENCE PROA Everolimus Eluting Coronary Stent System 4.00 mm x 23 mm / Rapid-Exchange;;119;197
1128400-28;08717648226861;XIENCE PROA Everolimus Eluting Coronary Stent System 4.00 mm x 28 mm / Rapid-Exchange;;119;197
1128400-38;08717648226885;XIENCE PROA Everolimus Eluting Coronary Stent System 4.00 mm x 38 mm / Rapid-Exchange;;119;197
1076200-08;08717648163913;Xience PROX Everolimus Eluting Coronary Stent System 2.0 mm x 08 mm / Rapid-Exchange;;119;197
1076200-12;08717648163920;Xience PROX Everolimus Eluting Coronary Stent System 2.0 mm x 12 mm / Rapid-Exchange;;119;197
1076200-15;08717648163937;Xience PROX Everolimus Eluting Coronary Stent System 2.0 mm x 15 mm / Rapid-Exchange;;119;197
1076200-18;08717648163944;Xience PROX Everolimus Eluting Coronary Stent System 2.0 mm x 18 mm / Rapid-Exchange;;119;197
1076200-23;08717648163951;Xience PROX Everolimus Eluting Coronary Stent System 2.0 mm x 23 mm / Rapid-Exchange;;119;197
1076200-28;08717648163968;Xience PROX Everolimus Eluting Coronary Stent System 2.0 mm x 28 mm / Rapid-Exchange;;119;197
1076225-12;08717648164026;Xience PROX Everolimus Eluting Coronary Stent System 2.25 mm x 12 mm / Rapid-Exchange;;119;197
1076225-15;08717648164033;Xience PROX Everolimus Eluting Coronary Stent System 2.25 mm x 15 mm / Rapid-Exchange;;119;197
1076225-18;08717648164040;Xience PROX Everolimus Eluting Coronary Stent System 2.25 mm x 18 mm / Rapid-Exchange;;119;197
1076225-23;08717648164057;Xience PROX Everolimus Eluting Coronary Stent System 2.25 mm x 23 mm / Rapid-Exchange;;119;197
1076225-28;08717648164064;Xience PROX Everolimus Eluting Coronary Stent System 2.25 mm x 28 mm / Rapid-Exchange;;119;197
1076250-12;08717648164125;Xience PROX Everolimus Eluting Coronary Stent System 2.5 mm x 12 mm / Rapid-Exchange;;119;197
1076250-23;08717648164156;Xience PROX Everolimus Eluting Coronary Stent System 2.5 mm x 23 mm / Rapid-Exchange;;119;197
1076250-28;08717648164163;Xience PROX Everolimus Eluting Coronary Stent System 2.5 mm x 28 mm / Rapid-Exchange;;119;197
1076275-15;08717648164231;Xience PROX Everolimus Eluting Coronary Stent System 2.75 mm x 15 mm / Rapid-Exchange;;119;197
1076275-18;08717648164248;Xience PROX Everolimus Eluting Coronary Stent System 2.75 mm x 18 mm / Rapid-Exchange;;119;197
1076275-28;08717648164262;Xience PROX Everolimus Eluting Coronary Stent System 2.75 mm x 28 mm / Rapid-Exchange;;119;197
1076275-33;08717648164279;Xience PROX Everolimus Eluting Coronary Stent System 2.75 mm x 33 mm / Rapid-Exchange;;119;197
1076275-38;08717648164286;Xience PROX Everolimus Eluting Coronary Stent System 2.75 mm x 38 mm / Rapid-Exchange;;119;197
1076300-08;08717648164316;Xience PROX Everolimus Eluting Coronary Stent System 3.0 mm x 08 mm / Rapid-Exchange;;119;197
1076300-12;08717648164323;Xience PROX Everolimus Eluting Coronary Stent System 3.0 mm x 12 mm / Rapid-Exchange;;119;197
1076300-15;08717648164330;Xience PROX Everolimus Eluting Coronary Stent System 3.0 mm x 15 mm / Rapid-Exchange;;119;197
1076300-18;08717648164347;Xience PROX Everolimus Eluting Coronary Stent System 3.0 mm x 18 mm / Rapid-Exchange;;119;197
1076350-15;08717648161858;Xience PROX Everolimus Eluting Coronary Stent System 3.5 mm x 15 mm / Rapid-Exchange;;119;197
1076350-18;08717648161865;Xience PROX Everolimus Eluting Coronary Stent System 3.5 mm x 18 mm / Rapid-Exchange;;119;197
1076350-33;08717648161896;Xience PROX Everolimus Eluting Coronary Stent System 3.5 mm x 33 mm / Rapid-Exchange;;119;197
1076350-38;08717648161902;Xience PROX Everolimus Eluting Coronary Stent System 3.5 mm x 38 mm / Rapid-Exchange;;119;197
1076400-12;08717648164477;Xience PROX Everolimus Eluting Coronary Stent System 4.0 mm x 12 mm / Rapid-Exchange;;119;197
1076400-15;08717648164484;Xience PROX Everolimus Eluting Coronary Stent System 4.0 mm x 15 mm / Rapid-Exchange;;119;197
1500200-08;08717648218118;XIENCE Sierra Everolimus Eluting Coronary Stent System 2.0 mm x 8 mm Rapid-Exchange;;119;197
1500200-23;08717648218156;XIENCE Sierra Everolimus Eluting Coronary Stent System 2.0x 23 mm Rapid-Exchange;;119;197
1500225-18;08717648218224;XIENCE Sierra Everolimus Eluting Coronary Stent System 2.25 mm x 18 mm Rapid-Exchange;;119;197
1500225-28;08717648218248;XIENCE Sierra Everolimus Eluting Coronary Stent System 2.25 mm x 28 mm Rapid-Exchange;;119;197
1500225-33;08717648218255;XIENCE Sierra Everolimus Eluting Coronary Stent System 2.25 mm x 33 mm Rapid-Exchange;;119;197
1500225-38;08717648218262;XIENCE Sierra Everolimus Eluting Coronary Stent System 2.25 mm x 38 mm Rapid-Exchange;;119;197
1500250-12;08717648218286;XIENCE Sierra Everolimus Eluting Coronary Stent System 2.5 mm x 12 mm Rapid-Exchange;;119;197
1500250-18;08717648218309;XIENCE Sierra Everolimus Eluting Coronary Stent System 2.5 mm x 18 mm Rapid-Exchange;;119;197
1500275-08;08717648218361;XIENCE Sierra Everolimus Eluting Coronary Stent System 2.75 mm x 8 mm Rapid-Exchange;;119;197
1500275-18;08717648218392;XIENCE Sierra Everolimus Eluting Coronary Stent System 2.75 mm x 18 mm Rapid-Exchange;;119;197
1500275-28;08717648218415;XIENCE Sierra Everolimus Eluting Coronary Stent System 2.75 mm x 28 mm Rapid-Exchange;;119;197
1500275-33;08717648218422;XIENCE Sierra Everolimus Eluting Coronary Stent System 2.75 mm x 33 mm Rapid-Exchange;;119;197
1500275-38;08717648218439;XIENCE Sierra Everolimus Eluting Coronary Stent System 2.75 mm x 38 mm Rapid-Exchange;;119;197
1500300-12;08717648218460;XIENCE Sierra Everolimus Eluting Coronary Stent System 3.0 mm x 12 mm Rapid-Exchange;;119;197
1500300-15;08717648218477;XIENCE Sierra Everolimus Eluting Coronary Stent System 3.0 mm x 15 mm Rapid-Exchange;;119;197
1500300-18;08717648218484;XIENCE Sierra Everolimus Eluting Coronary Stent System 3.0 mm x 18 mm Rapid-Exchange;;119;197
1500300-23;08717648218491;XIENCE Sierra Everolimus Eluting Coronary Stent System 3.0 mm x 23 mm Rapid-Exchange;;119;197
1500300-28;08717648218507;XIENCE Sierra Everolimus Eluting Coronary Stent System 3.0 mm x 28 mm Rapid-Exchange;;119;197
1500300-33;08717648218514;XIENCE Sierra Everolimus Eluting Coronary Stent System 3.0 mm x 33 mm Rapid-Exchange;;119;197
1500300-38;08717648218521;XIENCE Sierra Everolimus Eluting Coronary Stent System 3.0 mm x 38 mm Rapid-Exchange;;119;197
1500325-12;08717648218552;XIENCE Sierra Everolimus Eluting Coronary Stent System 3.25 mm x 12 mm Rapid-Exchange;;119;197
1500325-15;08717648218569;XIENCE Sierra Everolimus Eluting Coronary Stent System 3.25 mm x 15 mm Rapid-Exchange;;119;197
1500325-18;08717648218576;XIENCE Sierra Everolimus Eluting Coronary Stent System 3.25 mm x 18 mm Rapid-Exchange;;119;197
1500325-33;08717648218606;XIENCE Sierra Everolimus Eluting Coronary Stent System 3.25 mm x 33 mm Rapid-Exchange;;119;197
1500325-38;08717648218613;XIENCE Sierra Everolimus Eluting Coronary Stent System 3.25 mm x 38 mm Rapid-Exchange;;119;197
1500350-08;08717648218637;XIENCE Sierra Everolimus Eluting Coronary Stent System 3.5 mm x 8 mm Rapid-Exchange;;119;197
1500350-12;08717648218644;XIENCE Sierra Everolimus Eluting Coronary Stent System 3.5 mm x 12 mm Rapid-Exchange;;119;197
1500350-15;08717648218651;XIENCE Sierra Everolimus Eluting Coronary Stent System 3.5 mm x 15 mm Rapid-Exchange;;119;197
1500350-18;08717648218668;XIENCE Sierra Everolimus Eluting Coronary Stent System 3.5 mmx 18 mm Rapid-Exchange;;119;197
1500350-38;08717648218705;XIENCE Sierra Everolimus Eluting Coronary Stent System 3.5 mm x 38 mm Rapid-Exchange;;119;197
1500400-12;08717648218736;XIENCE Sierra Everolimus Eluting Coronary Stent System 4.0 mm x 12 mm Rapid-Exchange;;119;197
1500400-15;08717648218743;XIENCE Sierra Everolimus Eluting Coronary Stent System 4.0 mm x 15 mm Rapid-Exchange;;119;197
1500400-18;08717648218750;XIENCE Sierra Everolimus Eluting Coronary Stent System 4.0 mm x 18 mm Rapid-Exchange;;119;197
1500400-23;08717648218767;XIENCE Sierra Everolimus Eluting Coronary Stent System 4.0 mm x 23 mm Rapid-Exchange;;119;197
1500400-28;08717648218774;XIENCE Sierra Everolimus Eluting Coronary Stent System 4.0 mm x 28 mm Rapid-Exchange;;119;197
1500400-33;08717648218781;XIENCE Sierra Everolimus Eluting Coronary Stent System 4.0 mm x 33 mm Rapid-Exchange;;119;197
