Nimi;Muutettu;Määrä(Tuote);Määrä;Viimeinen käyttöpäivä;barcode tuote;Lot;Varasto
Abbott Xience 3.5 mm x 33 mm (6111741915186);24.8.2017 13:57;-1;"";28.11.2019;08717648161896;6111741915186;HUS Meilahti kaupinta varasto BMXP BMX6
Abbott Xience 3.5 mm x 33 mm (7022141915331);17.8.2017 9:30;-1;"";27.2.2020;08717648161896;7022141915331;HUS Meilahti kaupinta varasto BMXP BMX6
Abbott Xience 3.5 mm x 33 mm (7072041915295);6.4.2018 15:07;1;"";31.7.2020;08717648161896;7072041915295;HUS Meilahti kaupinta varasto BMXP BMX6
Abbott Xience 3.5 mm x 33 mm (7110741915164);2.1.2018 11:05;1;"";10.11.2020;08717648161896;7110741915164;HUS Meilahti kaupinta varasto BMXP BMX6
Abbott Xience 3.5 mm x 33 mm (8020241915053);8.5.2018 15:50;1;"";11.2.2021;08717648161896;8020241915053;HUS Meilahti kaupinta varasto BMXP BMX6
Abbott Xience 3.5 mm x 33 mm (8020241915525);13.4.2018 13:19;1;"";11.2.2021;08717648161896;8020241915525;HUS Meilahti kaupinta varasto BMXP BMX6
Abbott Xience PRO 48 2.5 mm x 48 mm (6083141);19.5.2017 11:06;1;"";11.9.2019;08717648191671;6083141;HUS Meilahti kaupinta varasto BMXP BMX6
Abbott Xience PRO 48 2.5 mm x 48 mm (7081141915209);1.2.2018 16:06;1;"";17.8.2020;08717648191671;7081141915209;HUS Meilahti kaupinta varasto BMXP BMX6
Abbott Xience PRO 48 2.5 mm x 48 mm (7100242915156);5.2.2018 14:19;1;"";8.10.2020;08717648191671;7100242915156;HUS Meilahti kaupinta varasto BMXP BMX6
Abbott Xience PRO 48 2.5 mm x 48 mm (7100242915342);1.2.2018 16:06;1;"";8.10.2020;08717648191671;7100242915342;HUS Meilahti kaupinta varasto BMXP BMX6
Abbott Xience PRO 48 2.5 mm x 48 mm (7100242915588);8.1.2018 13:41;1;"";8.10.2020;08717648191671;7100242915588;HUS Meilahti kaupinta varasto BMXP BMX6
Abbott Xience PRO 48 2.5 mm x 48 mm (7120641915084);9.4.2018 14:19;1;"";13.12.2020;08717648191671;7120641915084;HUS Meilahti kaupinta varasto BMXP BMX6
Abbott Xience PRO 48 2.75 mm x 48 mm (6110841915212);16.1.2018 14:27;-3;"";15.11.2019;08717648191664;6110841915212;HUS Meilahti kaupinta varasto BMXP BMX6
Abbott Xience PRO 48 2.75 mm x 48 mm (7071341915119);26.3.2018 14:30;1;"";19.7.2020;08717648191664;7071341915119;HUS Meilahti kaupinta varasto BMXP BMX6
Abbott Xience PRO 48 2.75 mm x 48 mm (7071341915134);1.2.2018 16:05;1;"";19.7.2020;08717648191664;7071341915134;HUS Meilahti kaupinta varasto BMXP BMX6
Abbott Xience PRO 48 3.0 mm x 48 mm (6110941);20.11.2017 13:18;-1;"";15.11.2019;08717648191688;6110941;HUS Meilahti kaupinta varasto BMXP BMX6
Abbott Xience PRO 48 3.0 mm x 48 mm (6110941915074);5.3.2018 13:54;1;"";15.11.2019;08717648191688;6110941915074;HUS Meilahti kaupinta varasto BMXP BMX6
Abbott Xience PRO 48 3.0 mm x 48 mm (6110941915354);6.4.2018 14:51;-1;"";15.11.2019;08717648191688;6110941915354;HUS Meilahti kaupinta varasto BMXP BMX6
Abbott Xience PRO 48 3.0 mm x 48 mm (6121241915278);14.3.2018 13:16;1;"";2.1.2020;08717648191688;6121241915278;HUS Meilahti kaupinta varasto BMXP BMX6
Abbott Xience PRO 48 3.0 mm x 48 mm (7010941915205);20.10.2017 13:04;-1;"";18.1.2020;08717648191688;7010941915205;HUS Meilahti kaupinta varasto BMXP BMX6
Abbott Xience PRO 48 3.0 mm x 48 mm (7071241915460);14.3.2018 12:54;-2;"";19.7.2020;08717648191688;7071241915460;HUS Meilahti kaupinta varasto BMXP BMX6
Abbott Xience PRO 48 3.0 mm x 48 mm (7071241915461);1.2.2018 15:59;1;"";19.7.2020;08717648191688;7071241915461;HUS Meilahti kaupinta varasto BMXP BMX6
Abbott Xience PRO 48 3.0 mm x 48 mm (7071241915722);12.1.2018 13:52;1;"";19.7.2020;08717648191688;7071241915722;HUS Meilahti kaupinta varasto BMXP BMX6
Abbott Xience PRO 48 3.0 mm x 48 mm (7071241915723);12.1.2018 13:40;1;"";19.7.2020;08717648191688;7071241915723;HUS Meilahti kaupinta varasto BMXP BMX6
Abbott Xience PRO 48 3.0 mm x 48 mm (7071241915724);15.1.2018 14:37;1;"";19.7.2020;08717648191688;7071241915724;HUS Meilahti kaupinta varasto BMXP BMX6
Abbott Xience PRO 48 3.0 mm x 48 mm (7071241915853);26.1.2018 14:03;1;"";19.7.2020;08717648191688;7071241915853;HUS Meilahti kaupinta varasto BMXP BMX6
Abbott Xience PRO 48 3.0 mm x 48 mm (7071241916573);5.2.2018 14:35;-2;"";19.7.2020;08717648191688;7071241916573;HUS Meilahti kaupinta varasto BMXP BMX6
Abbott Xience PRO 48 3.0 mm x 48 mm (7120641915033);19.3.2018 14:01;1;"";13.12.2020;08717648191688;7120641915033;HUS Meilahti kaupinta varasto BMXP BMX6
Abbott Xience PRO 48 3.0 mm x 48 mm (7120641915200);19.4.2018 13:50;-1;"";13.12.2020;08717648191688;7120641915200;HUS Meilahti kaupinta varasto BMXP BMX6
Abbott Xience PRO 48 3.0 mm x 48 mm (7120641915369);15.3.2018 13:36;1;"";13.12.2020;08717648191688;7120641915369;HUS Meilahti kaupinta varasto BMXP BMX6
Abbott Xience PRO 48 3.0 mm x 48 mm (8013141915226);6.4.2018 15:07;1;"";11.2.2021;08717648191688;8013141915226;HUS Meilahti kaupinta varasto BMXP BMX6
Abbott Xience PRO 48 3.0 mm x 48 mm (8013141915254);27.4.2018 14:14;1;"";11.2.2021;08717648191688;8013141915254;HUS Meilahti kaupinta varasto BMXP BMX6
Abbott Xience PRO 48 3.0 mm x 48 mm (8013141915255);19.4.2018 14:04;1;"";11.2.2021;08717648191688;8013141915255;HUS Meilahti kaupinta varasto BMXP BMX6
Abbott Xience PRO 48 3.0 mm x 48 mm (8013141915256);19.4.2018 14:04;1;"";11.2.2021;08717648191688;8013141915256;HUS Meilahti kaupinta varasto BMXP BMX6
Abbott Xience PRO 48 3.0 mm x 48 mm (8013141915455);11.5.2018 14:04;-1;"";11.2.2021;08717648191688;8013141915455;HUS Meilahti kaupinta varasto BMXP BMX6
Abbott Xience PRO 48 3.0 mm x 48 mm (8021441915502);11.5.2018 14:11;1;"";26.2.2021;08717648191688;8021441915502;HUS Meilahti kaupinta varasto BMXP BMX6
Abbott Xience PRO 48 3.5 mm x 48 mm (6083141915905);27.4.2018 13:57;-1;"";11.9.2019;08717648191695;6083141915905;HUS Meilahti kaupinta varasto BMXP BMX6
Abbott Xience PRO 48 3.5 mm x 48 mm (6083141915956);2.3.2018 9:45;1;"";11.9.2019;08717648191695;6083141915956;HUS Meilahti kaupinta varasto BMXP BMX6
Abbott Xience PRO 48 3.5 mm x 48 mm (7011141915237);8.3.2018 13:22;1;"";18.1.2020;08717648191695;7011141915237;HUS Meilahti kaupinta varasto BMXP BMX6
Abbott Xience PRO 48 3.5 mm x 48 mm (7091241915079);13.3.2018 12:57;-1;"";18.9.2020;08717648191695;7091241915079;HUS Meilahti kaupinta varasto BMXP BMX6
Abbott Xience PRO 48 3.5 mm x 48 mm (7091241915133);1.2.2018 15:39;1;"";18.9.2020;08717648191695;7091241915133;HUS Meilahti kaupinta varasto BMXP BMX6
Abbott Xience PRO 48 3.5 mm x 48 mm (7100541915300);8.3.2018 13:21;1;"";17.10.2020;08717648191695;7100541915300;HUS Meilahti kaupinta varasto BMXP BMX6
Abbott Xience PRO 48 3.5 mm x 48 mm (7100541915301);13.3.2018 13:02;1;"";17.10.2020;08717648191695;7100541915301;HUS Meilahti kaupinta varasto BMXP BMX6
Abbott Xience PRO 48 3.5 mm x 48 mm (7100541915321);19.3.2018 14:01;1;"";17.10.2020;08717648191695;7100541915321;HUS Meilahti kaupinta varasto BMXP BMX6
Abbott Xience PRO 48 3.5 mm x 48 mm (8012641915187);27.4.2018 14:14;1;"";4.2.2021;08717648191695;8012641915187;HUS Meilahti kaupinta varasto BMXP BMX6
Abbott Xience PRO 48 3.5 mm x 48 mm (8012641915271);2.5.2018 14:52;1;"";4.2.2021;08717648191695;8012641915271;HUS Meilahti kaupinta varasto BMXP BMX6
Abbott Xience PROX 2.5 mm x 12 mm (6112141915520);31.5.2017 14:48;-2;"";28.11.2019;08717648164125;6112141915520;HUS Meilahti kaupinta varasto BMXP BMX6
Abbott Xience PROX 2.5 mm x 12 mm (7032141915166);30.6.2017 10:49;-1;"";28.3.2020;08717648164125;7032141915166;HUS Meilahti kaupinta varasto BMXP BMX6
Abbott Xience PROX 2.5 mm x 12 mm (7041341915606);24.8.2017 13:57;-1;"";25.4.2020;08717648164125;7041341915606;HUS Meilahti kaupinta varasto BMXP BMX6
Abbott Xience PROX 2.5 mm x 12 mm (7042841915363);5.4.2018 12:59;1;"";9.5.2020;08717648164125;7042841915363;HUS Meilahti kaupinta varasto BMXP BMX6
Abbott Xience PROX 2.5 mm x 12 mm (7042841915806);9.3.2018 11:00;1;"";9.5.2020;08717648164125;7042841915806;HUS Meilahti kaupinta varasto BMXP BMX6
Abbott Xience PROX 2.5 mm x 12 mm (7062641915114);14.9.2017 12:51;-1;"";3.7.2020;08717648164125;7062641915114;HUS Meilahti kaupinta varasto BMXP BMX6
Abbott Xience PROX 2.5 mm x 12 mm (7072541915223);27.11.2017 14:01;-1;"";2.8.2020;08717648164125;7072541915223;HUS Meilahti kaupinta varasto BMXP BMX6
Abbott Xience PROX 2.5 mm x 12 mm (7082241915671);7.5.2018 13:58;1;"";28.8.2020;08717648164125;7082241915671;HUS Meilahti kaupinta varasto BMXP BMX6
Abbott Xience PROX 2.5 mm x 12 mm (7121343915432);15.2.2018 9:45;1;"";29.12.2020;08717648164125;7121343915432;HUS Meilahti kaupinta varasto BMXP BMX6
Abbott Xience PROX 2.5 mm x 15 mm (6111041916146);12.4.2017 13:10;-1;"";22.11.2019;08717648164132;6111041916146;HUS Meilahti kaupinta varasto BMXP BMX6
Abbott Xience PROX 2.5 mm x 15 mm (7021341915574);21.8.2017 13:06;-2;"";1.3.2020;08717648164132;7021341915574;HUS Meilahti kaupinta varasto BMXP BMX6
Abbott Xience PROX 2.5 mm x 15 mm (7030141916127);5.12.2017 9:50;-1;"";13.3.2020;08717648164132;7030141916127;HUS Meilahti kaupinta varasto BMXP BMX6
Abbott Xience PROX 2.5 mm x 15 mm (7030141916172);14.3.2018 13:16;1;"";13.3.2020;08717648164132;7030141916172;HUS Meilahti kaupinta varasto BMXP BMX6
Abbott Xience PROX 2.5 mm x 15 mm (7080341915079);1.2.2018 16:07;1;"";13.8.2020;08717648164132;7080341915079;HUS Meilahti kaupinta varasto BMXP BMX6
Abbott Xience PROX 2.5 mm x 15 mm (7120141915743);12.4.2018 14:32;1;"";6.12.2020;08717648164132;7120141915743;HUS Meilahti kaupinta varasto BMXP BMX6
Abbott Xience PROX 2.5 mm x 18 mm (6112441915705);4.4.2018 12:59;-1;"";30.11.2019;08717648164149;6112441915705;HUS Meilahti kaupinta varasto BMXP BMX6
Abbott Xience PROX 2.5 mm x 18 mm (7020141915256);5.3.2018 13:52;1;"";12.2.2020;08717648164149;7020141915256;HUS Meilahti kaupinta varasto BMXP BMX6
Abbott Xience PROX 2.5 mm x 18 mm (7033141915091);4.4.2018 13:10;1;"";12.4.2020;08717648164149;7033141915091;HUS Meilahti kaupinta varasto BMXP BMX6
Abbott Xience PROX 2.5 mm x 18 mm (7121641915362);24.1.2018 13:06;1;"";1.1.2021;08717648164149;7121641915362;HUS Meilahti kaupinta varasto BMXP BMX6
Abbott Xience PROX 2.5 mm x 18 mm (8010541915373);11.5.2018 14:12;1;"";16.1.2021;08717648164149;8010541915373;HUS Meilahti kaupinta varasto BMXP BMX6
Abbott Xience PROX 2.5 mm x 23 mm (7091241915321);1.2.2018 16:06;1;"";20.9.2020;08717648164156;7091241915321;HUS Meilahti kaupinta varasto BMXP BMX6
Abbott Xience PROX 2.5 mm x 23 mm (8010141915130);23.4.2018 11:16;1;"";9.1.2021;08717648164156;8010141915130;HUS Meilahti kaupinta varasto BMXP BMX6
Abbott Xience PROX 2.5 mm x 28 mm (6102641915094);29.6.2017 11:09;-1;"";1.11.2019;08717648164163;6102641915094;HUS Meilahti kaupinta varasto BMXP BMX6
Abbott Xience PROX 2.5 mm x 28 mm (7052241915383);5.3.2018 13:54;1;"";24.5.2020;08717648164163;7052241915383;HUS Meilahti kaupinta varasto BMXP BMX6
Abbott Xience PROX 2.5 mm x 33 mm (7071141915224);12.9.2017 13:32;1;"";16.7.2020;08717648164170;7071141915224;HUS Meilahti kaupinta varasto BMXP BMX6
Abbott Xience PROX 2.5 mm x 38 mm (6060841915120);1.2.2018 16:06;1;"";13.6.2019;08717648164187;6060841915120;HUS Meilahti kaupinta varasto BMXP BMX6
Abbott Xience PROX 2.5 mm x 8 mm (7102641915009);2.5.2018 14:53;1;"";9.11.2020;08717648164118;7102641915009;HUS Meilahti kaupinta varasto BMXP BMX6
Abbott Xience PROX 2.75 mm x 12 mm (7082241915063);10.1.2018 14:19;-1;"";28.8.2020;08717648164224;7082241915063;HUS Meilahti kaupinta varasto BMXP BMX6
Abbott Xience PROX 2.75 mm x 12 mm (7121841915222);11.5.2018 14:10;1;"";1.1.2021;08717648164224;7121841915222;HUS Meilahti kaupinta varasto BMXP BMX6
Abbott Xience PROX 2.75 mm x 15 mm (6111541915273);21.7.2017 9:16;-1;"";23.11.2019;08717648164231;6111541915273;HUS Meilahti kaupinta varasto BMXP BMX6
Abbott Xience PROX 2.75 mm x 15 mm (7032241915239);4.7.2017 11:51;-1;"";29.3.2020;08717648164231;7032241915239;HUS Meilahti kaupinta varasto BMXP BMX6
Abbott Xience PROX 2.75 mm x 15 mm (7060141915387);21.8.2017 13:39;-1;"";7.6.2020;08717648164231;7060141915387;HUS Meilahti kaupinta varasto BMXP BMX6
Abbott Xience PROX 2.75 mm x 15 mm (7072441915161);9.10.2017 13:10;-1;"";2.8.2020;08717648164231;7072441915161;HUS Meilahti kaupinta varasto BMXP BMX6
Abbott Xience PROX 2.75 mm x 15 mm (7072441915428);28.9.2017 14:03;1;"";2.8.2020;08717648164231;7072441915428;HUS Meilahti kaupinta varasto BMXP BMX6
Abbott Xience PROX 2.75 mm x 15 mm (7072441915429);13.4.2018 13:19;1;"";2.8.2020;08717648164231;7072441915429;HUS Meilahti kaupinta varasto BMXP BMX6
Abbott Xience PROX 2.75 mm x 15 mm (7082241915394);14.12.2017 13:21;1;"";30.8.2020;08717648164231;7082241915394;HUS Meilahti kaupinta varasto BMXP BMX6
Abbott Xience PROX 2.75 mm x 15 mm (7082241915689);16.1.2018 14:17;-2;"";30.8.2020;08717648164231;7082241915689;HUS Meilahti kaupinta varasto BMXP BMX6
Abbott Xience PROX 2.75 mm x 18 mm (7082341915864);8.1.2018 13:21;-1;"";30.8.2020;08717648164248;7082341915864;HUS Meilahti kaupinta varasto BMXP BMX6
Abbott Xience PROX 2.75 mm x 18 mm (7110841915371);8.1.2018 13:41;1;"";14.11.2020;08717648164248;7110841915371;HUS Meilahti kaupinta varasto BMXP BMX6
Abbott Xience PROX 2.75 mm x 23 mm (6112541915493);24.4.2017 14:16;-1;"";5.12.2019;08717648164255;6112541915493;HUS Meilahti kaupinta varasto BMXP BMX6
Abbott Xience PROX 2.75 mm x 23 mm (8012641915591);3.5.2018 11:13;1;"";8.2.2021;08717648164255;8012641915591;HUS Meilahti kaupinta varasto BMXP BMX6
Abbott Xience PROX 2.75 mm x 28 mm (6111541915349);14.3.2018 13:57;1;"";22.11.2019;08717648164262;6111541915349;HUS Meilahti kaupinta varasto BMXP BMX6
Abbott Xience PROX 2.75 mm x 33 mm (7101341915117);1.2.2018 16:05;1;"";23.10.2020;08717648164279;7101341915117;HUS Meilahti kaupinta varasto BMXP BMX6
Abbott Xience PROX 2.75 mm x 38 mm (7062841915333);15.1.2018 14:36;-1;"";5.7.2020;08717648164286;7062841915333;HUS Meilahti kaupinta varasto BMXP BMX6
Abbott Xience PROX 2.75 mm x 38 mm (7110641915019);15.1.2018 14:38;1;"";12.11.2020;08717648164286;7110641915019;HUS Meilahti kaupinta varasto BMXP BMX6
Abbott Xience PROX 2.75 mm x 38 mm (7112942915310);2.5.2018 14:55;1;"";11.12.2020;08717648164286;7112942915310;HUS Meilahti kaupinta varasto BMXP BMX6
Abbott Xience PROX 3.0 mm 33 mm (6113041915471);13.11.2017 11:23;-2;"";9.12.2019;08717648164378;6113041915471;HUS Meilahti kaupinta varasto BMXP BMX6
Abbott Xience PROX 3.0 mm 33 mm (7030141915388);14.3.2018 13:15;1;"";7.3.2020;08717648164378;7030141915388;HUS Meilahti kaupinta varasto BMXP BMX6
Abbott Xience PROX 3.0 mm 33 mm (8013141915223);17.4.2018 14:13;1;"";8.2.2021;08717648164378;8013141915223;HUS Meilahti kaupinta varasto BMXP BMX6
Abbott Xience PROX 3.0 mm 33 mm (8013141915494);3.4.2018 14:43;1;"";8.2.2021;08717648164378;8013141915494;HUS Meilahti kaupinta varasto BMXP BMX6
Abbott Xience PROX 3.0 mm 33 mm (8022141916689);3.5.2018 10:56;1;"";6.3.2021;08717648164378;8022141916689;HUS Meilahti kaupinta varasto BMXP BMX6
Abbott Xience PROX 3.0 mm x 12 mm (6112241915417);12.4.2017 13:10;-1;"";30.11.2019;08717648164323;6112241915417;HUS Meilahti kaupinta varasto BMXP BMX6
Abbott Xience PROX 3.0 mm x 12 mm (6121641915163);11.4.2017 13:45;-1;"";9.1.2020;08717648164323;6121641915163;HUS Meilahti kaupinta varasto BMXP BMX6
Abbott Xience PROX 3.0 mm x 12 mm (7012641915219);19.4.2017 12:46;-1;"";7.2.2020;08717648164323;7012641915219;HUS Meilahti kaupinta varasto BMXP BMX6
Abbott Xience PROX 3.0 mm x 12 mm (7012641915841);4.5.2017 12:01;-1;"";7.2.2020;08717648164323;7012641915841;HUS Meilahti kaupinta varasto BMXP BMX6
Abbott Xience PROX 3.0 mm x 12 mm (7022141915675);16.5.2017 11:15;-1;"";29.2.2020;08717648164323;7022141915675;HUS Meilahti kaupinta varasto BMXP BMX6
Abbott Xience PROX 3.0 mm x 12 mm (7022141915930);11.5.2017 13:02;-1;"";29.2.2020;08717648164323;7022141915930;HUS Meilahti kaupinta varasto BMXP BMX6
Abbott Xience PROX 3.0 mm x 12 mm (7032841915231);19.7.2017 10:12;-4;"";4.4.2020;08717648164323;7032841915231;HUS Meilahti kaupinta varasto BMXP BMX6
Abbott Xience PROX 3.0 mm x 12 mm (7042441915199);26.7.2017 14:12;-1;"";1.5.2020;08717648164323;7042441915199;HUS Meilahti kaupinta varasto BMXP BMX6
Abbott Xience PROX 3.0 mm x 12 mm (7051741915309);16.8.2017 11:36;-6;"";23.5.2020;08717648164323;7051741915309;HUS Meilahti kaupinta varasto BMXP BMX6
Abbott Xience PROX 3.0 mm x 12 mm (7062441915097);28.8.2017 11:09;-2;"";4.7.2020;08717648164323;7062441915097;HUS Meilahti kaupinta varasto BMXP BMX6
Abbott Xience PROX 3.0 mm x 12 mm (7062441915104);24.8.2017 13:56;-1;"";4.7.2020;08717648164323;7062441915104;HUS Meilahti kaupinta varasto BMXP BMX6
Abbott Xience PROX 3.0 mm x 12 mm (7072041915257);20.3.2018 13:55;-5;"";31.7.2020;08717648164323;7072041915257;HUS Meilahti kaupinta varasto BMXP BMX6
Abbott Xience PROX 3.0 mm x 12 mm (7072041915258);13.3.2018 13:02;1;"";31.7.2020;08717648164323;7072041915258;HUS Meilahti kaupinta varasto BMXP BMX6
Abbott Xience PROX 3.0 mm x 12 mm (7082241915100);13.3.2018 12:57;-2;"";27.8.2020;08717648164323;7082241915100;HUS Meilahti kaupinta varasto BMXP BMX6
Abbott Xience PROX 3.0 mm x 12 mm (7082241915756);26.10.2017 11:21;-1;"";27.8.2020;08717648164323;7082241915756;HUS Meilahti kaupinta varasto BMXP BMX6
Abbott Xience PROX 3.0 mm x 12 mm (7082241915757);22.11.2017 13:50;-1;"";27.8.2020;08717648164323;7082241915757;HUS Meilahti kaupinta varasto BMXP BMX6
Abbott Xience PROX 3.0 mm x 12 mm (7091841915303);13.2.2018 14:14;-1;"";25.9.2020;08717648164323;7091841915303;HUS Meilahti kaupinta varasto BMXP BMX6
Abbott Xience PROX 3.0 mm x 12 mm (7102441915628);1.2.2018 16:05;1;"";1.11.2020;08717648164323;7102441915628;HUS Meilahti kaupinta varasto BMXP BMX6
Abbott Xience PROX 3.0 mm x 12 mm (7102441915630);15.2.2018 10:09;-1;"";1.11.2020;08717648164323;7102441915630;HUS Meilahti kaupinta varasto BMXP BMX6
Abbott Xience PROX 3.0 mm x 12 mm (7112941915339);15.2.2018 9:45;1;"";5.12.2020;08717648164323;7112941915339;HUS Meilahti kaupinta varasto BMXP BMX6
Abbott Xience PROX 3.0 mm x 12 mm (7122041915103);20.3.2018 14:20;1;"";7.1.2021;08717648164323;7122041915103;HUS Meilahti kaupinta varasto BMXP BMX6
Abbott Xience PROX 3.0 mm x 12 mm (7122041915497);4.4.2018 13:39;1;"";7.1.2021;08717648164323;7122041915497;HUS Meilahti kaupinta varasto BMXP BMX6
Abbott Xience PROX 3.0 mm x 12 mm (7122041915506);5.4.2018 12:48;1;"";7.1.2021;08717648164323;7122041915506;HUS Meilahti kaupinta varasto BMXP BMX6
Abbott Xience PROX 3.0 mm x 12 mm (8010341915093);19.4.2018 14:05;1;"";10.1.2021;08717648164323;8010341915093;HUS Meilahti kaupinta varasto BMXP BMX6
Abbott Xience PROX 3.0 mm x 15 mm (6110341916759);28.3.2017 10:54;-4;"";16.11.2019;08717648164330;6110341916759;HUS Meilahti kaupinta varasto BMXP BMX6
Abbott Xience PROX 3.0 mm x 15 mm (7012741915245);27.3.2017 13:07;-1;"";7.2.2020;08717648164330;7012741915245;HUS Meilahti kaupinta varasto BMXP BMX6
Abbott Xience PROX 3.0 mm x 15 mm (7021641915571);19.3.2018 13:56;-3;"";29.2.2020;08717648164330;7021641915571;HUS Meilahti kaupinta varasto BMXP BMX6
Abbott Xience PROX 3.0 mm x 15 mm (7021641915572);9.5.2017 14:20;-2;"";29.2.2020;08717648164330;7021641915572;HUS Meilahti kaupinta varasto BMXP BMX6
Abbott Xience PROX 3.0 mm x 15 mm (7021641915574);11.5.2017 13:02;-2;"";29.2.2020;08717648164330;7021641915574;HUS Meilahti kaupinta varasto BMXP BMX6
Abbott Xience PROX 3.0 mm x 15 mm (7021641916551);2.3.2018 9:45;1;"";29.2.2020;08717648164330;7021641916551;HUS Meilahti kaupinta varasto BMXP BMX6
Abbott Xience PROX 3.0 mm x 15 mm (7030941915114);3.4.2018 13:45;-3;"";21.3.2020;08717648164330;7030941915114;HUS Meilahti kaupinta varasto BMXP BMX6
Abbott Xience PROX 3.0 mm x 15 mm (7030941916057);31.5.2017 15:06;-1;"";21.3.2020;08717648164330;7030941916057;HUS Meilahti kaupinta varasto BMXP BMX6
Abbott Xience PROX 3.0 mm x 15 mm (7030941916063);5.3.2018 13:54;1;"";21.3.2020;08717648164330;7030941916063;HUS Meilahti kaupinta varasto BMXP BMX6
Abbott Xience PROX 3.0 mm x 15 mm (7032341915484);15.6.2017 9:47;-3;"";4.4.2020;08717648164330;7032341915484;HUS Meilahti kaupinta varasto BMXP BMX6
Abbott Xience PROX 3.0 mm x 15 mm (7040541915556);4.7.2017 11:50;-2;"";18.4.2020;08717648164330;7040541915556;HUS Meilahti kaupinta varasto BMXP BMX6
Abbott Xience PROX 3.0 mm x 15 mm (7040541915965);19.6.2017 14:27;-1;"";18.4.2020;08717648164330;7040541915965;HUS Meilahti kaupinta varasto BMXP BMX6
Abbott Xience PROX 3.0 mm x 15 mm (7052241915467);11.8.2017 9:51;-12;"";28.5.2020;08717648164330;7052241915467;HUS Meilahti kaupinta varasto BMXP BMX6
Abbott Xience PROX 3.0 mm x 15 mm (7052241916063);31.7.2017 13:26;1;"";28.5.2020;08717648164330;7052241916063;HUS Meilahti kaupinta varasto BMXP BMX6
Abbott Xience PROX 3.0 mm x 15 mm (7052641915427);25.9.2017 14:13;-6;"";6.6.2020;08717648164330;7052641915427;HUS Meilahti kaupinta varasto BMXP BMX6
Abbott Xience PROX 3.0 mm x 15 mm (7071941915362);3.4.2018 13:45;-1;"";31.7.2020;08717648164330;7071941915362;HUS Meilahti kaupinta varasto BMXP BMX6
Abbott Xience PROX 3.0 mm x 15 mm (7071941915363);9.10.2017 13:13;-2;"";31.7.2020;08717648164330;7071941915363;HUS Meilahti kaupinta varasto BMXP BMX6
Abbott Xience PROX 3.0 mm x 15 mm (7071941915926);9.10.2017 13:14;-2;"";31.7.2020;08717648164330;7071941915926;HUS Meilahti kaupinta varasto BMXP BMX6
Abbott Xience PROX 3.0 mm x 15 mm (7071941916582);5.3.2018 13:52;1;"";31.7.2020;08717648164330;7071941916582;HUS Meilahti kaupinta varasto BMXP BMX6
Abbott Xience PROX 3.0 mm x 15 mm (7082241915201);14.3.2018 13:16;1;"";28.8.2020;08717648164330;7082241915201;HUS Meilahti kaupinta varasto BMXP BMX6
Abbott Xience PROX 3.0 mm x 15 mm (7082241915202);3.1.2018 13:47;-4;"";28.8.2020;08717648164330;7082241915202;HUS Meilahti kaupinta varasto BMXP BMX6
Abbott Xience PROX 3.0 mm x 15 mm (7082241915916);13.12.2017 10:05;-1;"";28.8.2020;08717648164330;7082241915916;HUS Meilahti kaupinta varasto BMXP BMX6
Abbott Xience PROX 3.0 mm x 15 mm (7082241915948);23.11.2017 12:57;-1;"";28.8.2020;08717648164330;7082241915948;HUS Meilahti kaupinta varasto BMXP BMX6
Abbott Xience PROX 3.0 mm x 15 mm (7082241916108);8.11.2017 13:40;-1;"";28.8.2020;08717648164330;7082241916108;HUS Meilahti kaupinta varasto BMXP BMX6
Abbott Xience PROX 3.0 mm x 15 mm (7082241916112);19.3.2018 14:01;1;"";28.8.2020;08717648164330;7082241916112;HUS Meilahti kaupinta varasto BMXP BMX6
Abbott Xience PROX 3.0 mm x 15 mm (7091241915230);4.1.2018 14:22;-1;"";17.9.2020;08717648164330;7091241915230;HUS Meilahti kaupinta varasto BMXP BMX6
Abbott Xience PROX 3.0 mm x 15 mm (7102741915004);5.3.2018 13:53;-5;"";9.11.2020;08717648164330;7102741915004;HUS Meilahti kaupinta varasto BMXP BMX6
Abbott Xience PROX 3.0 mm x 15 mm (7102741915076);1.2.2018 16:04;1;"";9.11.2020;08717648164330;7102741915076;HUS Meilahti kaupinta varasto BMXP BMX6
Abbott Xience PROX 3.0 mm x 15 mm (7102741915079);13.12.2017 10:12;1;"";9.11.2020;08717648164330;7102741915079;HUS Meilahti kaupinta varasto BMXP BMX6
Abbott Xience PROX 3.0 mm x 15 mm (7102741915755);3.1.2018 13:56;1;"";9.11.2020;08717648164330;7102741915755;HUS Meilahti kaupinta varasto BMXP BMX6
Abbott Xience PROX 3.0 mm x 15 mm (7102741915966);13.12.2017 10:12;1;"";9.11.2020;08717648164330;7102741915966;HUS Meilahti kaupinta varasto BMXP BMX6
Abbott Xience PROX 3.0 mm x 15 mm (7102741915967);1.2.2018 16:04;1;"";9.11.2020;08717648164330;7102741915967;HUS Meilahti kaupinta varasto BMXP BMX6
Abbott Xience PROX 3.0 mm x 15 mm (7112441915046);19.1.2018 13:33;1;"";30.11.2020;08717648164330;7112441915046;HUS Meilahti kaupinta varasto BMXP BMX6
Abbott Xience PROX 3.0 mm x 15 mm (7112441915052);23.2.2018 10:31;-4;"";30.11.2020;08717648164330;7112441915052;HUS Meilahti kaupinta varasto BMXP BMX6
Abbott Xience PROX 3.0 mm x 15 mm (7112441915071);15.1.2018 12:11;1;"";30.11.2020;08717648164330;7112441915071;HUS Meilahti kaupinta varasto BMXP BMX6
Abbott Xience PROX 3.0 mm x 15 mm (7112441915750);7.2.2018 13:11;1;"";30.11.2020;08717648164330;7112441915750;HUS Meilahti kaupinta varasto BMXP BMX6
Abbott Xience PROX 3.0 mm x 15 mm (7112441915752);29.1.2018 12:44;1;"";30.11.2020;08717648164330;7112441915752;HUS Meilahti kaupinta varasto BMXP BMX6
Abbott Xience PROX 3.0 mm x 15 mm (7112441915754);5.2.2018 14:19;1;"";30.11.2020;08717648164330;7112441915754;HUS Meilahti kaupinta varasto BMXP BMX6
Abbott Xience PROX 3.0 mm x 15 mm (7112441916286);29.1.2018 11:09;-1;"";30.11.2020;08717648164330;7112441916286;HUS Meilahti kaupinta varasto BMXP BMX6
Abbott Xience PROX 3.0 mm x 15 mm (7112441916288);29.1.2018 12:41;-1;"";30.11.2020;08717648164330;7112441916288;HUS Meilahti kaupinta varasto BMXP BMX6
Abbott Xience PROX 3.0 mm x 15 mm (7112441916474);29.1.2018 11:18;1;"";30.11.2020;08717648164330;7112441916474;HUS Meilahti kaupinta varasto BMXP BMX6
Abbott Xience PROX 3.0 mm x 15 mm (7121441915325);6.3.2018 13:56;-1;"";1.1.2021;08717648164330;7121441915325;HUS Meilahti kaupinta varasto BMXP BMX6
Abbott Xience PROX 3.0 mm x 15 mm (7121441915447);22.2.2018 12:58;1;"";1.1.2021;08717648164330;7121441915447;HUS Meilahti kaupinta varasto BMXP BMX6
Abbott Xience PROX 3.0 mm x 15 mm (7121441915455);20.3.2018 13:23;1;"";1.1.2021;08717648164330;7121441915455;HUS Meilahti kaupinta varasto BMXP BMX6
Abbott Xience PROX 3.0 mm x 15 mm (8020541915667);12.4.2018 14:17;1;"";11.2.2021;08717648164330;8020541915667;HUS Meilahti kaupinta varasto BMXP BMX6
Abbott Xience PROX 3.0 mm x 15 mm (8020541915668);12.4.2018 14:33;1;"";11.2.2021;08717648164330;8020541915668;HUS Meilahti kaupinta varasto BMXP BMX6
Abbott Xience PROX 3.0 mm x 15 mm (8020541916076);3.4.2018 14:44;1;"";11.2.2021;08717648164330;8020541916076;HUS Meilahti kaupinta varasto BMXP BMX6
Abbott Xience PROX 3.0 mm x 15 mm (8020541916080);6.4.2018 15:07;1;"";11.2.2021;08717648164330;8020541916080;HUS Meilahti kaupinta varasto BMXP BMX6
Abbott Xience PROX 3.0 mm x 15 mm (8020541916081);24.4.2018 13:12;-1;"";11.2.2021;08717648164330;8020541916081;HUS Meilahti kaupinta varasto BMXP BMX6
Abbott Xience PROX 3.0 mm x 15 mm (8020541916637);3.4.2018 13:47;1;"";11.2.2021;08717648164330;8020541916637;HUS Meilahti kaupinta varasto BMXP BMX6
Abbott Xience PROX 3.0 mm x 15 mm (8031441916571);11.5.2018 14:11;1;"";21.3.2021;08717648164330;8031441916571;HUS Meilahti kaupinta varasto BMXP BMX6
Abbott Xience PROX 3.0 mm x 15 mm (8031441916580);11.5.2018 13:21;1;"";21.3.2021;08717648164330;8031441916580;HUS Meilahti kaupinta varasto BMXP BMX6
Abbott Xience PROX 3.0 mm x 18 mm (6111641916249);6.4.2017 13:38;-4;"";23.11.2019;08717648164347;6111641916249;HUS Meilahti kaupinta varasto BMXP BMX6
Abbott Xience PROX 3.0 mm x 18 mm (6111641916250);30.3.2017 14:52;-1;"";23.11.2019;08717648164347;6111641916250;HUS Meilahti kaupinta varasto BMXP BMX6
Abbott Xience PROX 3.0 mm x 18 mm (7013041915223);13.6.2017 14:08;-3;"";6.2.2020;08717648164347;7013041915223;HUS Meilahti kaupinta varasto BMXP BMX6
Abbott Xience PROX 3.0 mm x 18 mm (7021441915606);4.7.2017 13:37;-1;"";29.2.2020;08717648164347;7021441915606;HUS Meilahti kaupinta varasto BMXP BMX6
Abbott Xience PROX 3.0 mm x 18 mm (7021541915829);15.6.2017 9:26;-2;"";29.2.2020;08717648164347;7021541915829;HUS Meilahti kaupinta varasto BMXP BMX6
Abbott Xience PROX 3.0 mm x 18 mm (7041241915225);14.8.2017 10:33;-4;"";25.4.2020;08717648164347;7041241915225;HUS Meilahti kaupinta varasto BMXP BMX6
Abbott Xience PROX 3.0 mm x 18 mm (7041241915973);15.6.2017 9:26;-2;"";25.4.2020;08717648164347;7041241915973;HUS Meilahti kaupinta varasto BMXP BMX6
Abbott Xience PROX 3.0 mm x 18 mm (7050441915164);28.7.2017 9:55;-5;"";16.5.2020;08717648164347;7050441915164;HUS Meilahti kaupinta varasto BMXP BMX6
Abbott Xience PROX 3.0 mm x 18 mm (7050441915225);7.7.2017 13:28;-1;"";16.5.2020;08717648164347;7050441915225;HUS Meilahti kaupinta varasto BMXP BMX6
Abbott Xience PROX 3.0 mm x 18 mm (7052541915094);28.8.2017 11:13;-1;"";6.6.2020;08717648164347;7052541915094;HUS Meilahti kaupinta varasto BMXP BMX6
Abbott Xience PROX 3.0 mm x 18 mm (7052541915697);11.10.2017 13:14;-1;"";6.6.2020;08717648164347;7052541915697;HUS Meilahti kaupinta varasto BMXP BMX6
Abbott Xience PROX 3.0 mm x 18 mm (7061541915063);14.3.2018 13:13;1;"";20.6.2020;08717648164347;7061541915063;HUS Meilahti kaupinta varasto BMXP BMX6
Abbott Xience PROX 3.0 mm x 18 mm (7061541915304);21.8.2017 13:06;-1;"";20.6.2020;08717648164347;7061541915304;HUS Meilahti kaupinta varasto BMXP BMX6
Abbott Xience PROX 3.0 mm x 18 mm (7061541915478);27.4.2018 13:57;-2;"";20.6.2020;08717648164347;7061541915478;HUS Meilahti kaupinta varasto BMXP BMX6
Abbott Xience PROX 3.0 mm x 18 mm (7071841915712);15.9.2017 10:50;-1;"";30.7.2020;08717648164347;7071841915712;HUS Meilahti kaupinta varasto BMXP BMX6
Abbott Xience PROX 3.0 mm x 18 mm (7071841916019);15.9.2017 10:51;-1;"";30.7.2020;08717648164347;7071841916019;HUS Meilahti kaupinta varasto BMXP BMX6
Abbott Xience PROX 3.0 mm x 18 mm (7071841916216);14.3.2018 13:13;1;"";30.7.2020;08717648164347;7071841916216;HUS Meilahti kaupinta varasto BMXP BMX6
Abbott Xience PROX 3.0 mm x 18 mm (7071841916217);13.12.2017 9:17;-1;"";30.7.2020;08717648164347;7071841916217;HUS Meilahti kaupinta varasto BMXP BMX6
Abbott Xience PROX 3.0 mm x 18 mm (7072741915012);20.11.2017 13:17;-3;"";8.8.2020;08717648164347;7072741915012;HUS Meilahti kaupinta varasto BMXP BMX6
Abbott Xience PROX 3.0 mm x 18 mm (7082941915181);22.12.2017 10:14;-2;"";5.9.2020;08717648164347;7082941915181;HUS Meilahti kaupinta varasto BMXP BMX6
Abbott Xience PROX 3.0 mm x 18 mm (7082941916004);16.1.2018 14:16;-1;"";5.9.2020;08717648164347;7082941916004;HUS Meilahti kaupinta varasto BMXP BMX6
Abbott Xience PROX 3.0 mm x 18 mm (7102741915235);14.3.2018 12:53;-1;"";5.11.2020;08717648164347;7102741915235;HUS Meilahti kaupinta varasto BMXP BMX6
Abbott Xience PROX 3.0 mm x 18 mm (7102741915311);1.2.2018 16:03;1;"";5.11.2020;08717648164347;7102741915311;HUS Meilahti kaupinta varasto BMXP BMX6
Abbott Xience PROX 3.0 mm x 18 mm (7102741916257);13.4.2018 13:29;-1;"";5.11.2020;08717648164347;7102741916257;HUS Meilahti kaupinta varasto BMXP BMX6
Abbott Xience PROX 3.0 mm x 18 mm (7102741916259);16.1.2018 14:22;1;"";5.11.2020;08717648164347;7102741916259;HUS Meilahti kaupinta varasto BMXP BMX6
Abbott Xience PROX 3.0 mm x 18 mm (7122141915123);20.3.2018 12:54;-1;"";8.1.2021;08717648164347;7122141915123;HUS Meilahti kaupinta varasto BMXP BMX6
Abbott Xience PROX 3.0 mm x 18 mm (7122141916123);15.2.2018 10:20;1;"";8.1.2021;08717648164347;7122141916123;HUS Meilahti kaupinta varasto BMXP BMX6
Abbott Xience PROX 3.0 mm x 18 mm (8020541915134);13.4.2018 13:40;1;"";11.2.2021;08717648164347;8020541915134;HUS Meilahti kaupinta varasto BMXP BMX6
Abbott Xience PROX 3.0 mm x 18 mm (8020541915352);26.3.2018 13:39;1;"";11.2.2021;08717648164347;8020541915352;HUS Meilahti kaupinta varasto BMXP BMX6
Abbott Xience PROX 3.0 mm x 18 mm (8030541915340);25.4.2018 10:54;1;"";14.3.2021;08717648164347;8030541915340;HUS Meilahti kaupinta varasto BMXP BMX6
Abbott Xience PROX 3.0 mm x 18 mm (8030541915342);27.4.2018 14:15;1;"";14.3.2021;08717648164347;8030541915342;HUS Meilahti kaupinta varasto BMXP BMX6
Abbott Xience PROX 3.0 mm x 18 mm (8030541915344);7.5.2018 13:57;1;"";14.3.2021;08717648164347;8030541915344;HUS Meilahti kaupinta varasto BMXP BMX6
Abbott Xience PROX 3.0 mm x 18 mm (8030541916301);7.5.2018 13:59;1;"";14.3.2021;08717648164347;8030541916301;HUS Meilahti kaupinta varasto BMXP BMX6
Abbott Xience PROX 3.0 mm x 18 mm (8030541916400);24.4.2018 13:17;1;"";14.3.2021;08717648164347;8030541916400;HUS Meilahti kaupinta varasto BMXP BMX6
Abbott Xience PROX 3.0 mm x 23 mm (6112141916223);20.4.2017 14:01;-2;"";29.11.2019;08717648164354;6112141916223;HUS Meilahti kaupinta varasto BMXP BMX6
Abbott Xience PROX 3.0 mm x 23 mm (7012641916311);16.10.2017 12:33;-1;"";7.2.2020;08717648164354;7012641916311;HUS Meilahti kaupinta varasto BMXP BMX6
Abbott Xience PROX 3.0 mm x 23 mm (7031041915454);26.6.2017 11:16;-1;"";21.3.2020;08717648164354;7031041915454;HUS Meilahti kaupinta varasto BMXP BMX6
Abbott Xience PROX 3.0 mm x 23 mm (7041241915319);26.6.2017 11:16;-2;"";19.4.2020;08717648164354;7041241915319;HUS Meilahti kaupinta varasto BMXP BMX6
Abbott Xience PROX 3.0 mm x 23 mm (7051841915140);7.11.2017 14:17;-8;"";25.5.2020;08717648164354;7051841915140;HUS Meilahti kaupinta varasto BMXP BMX6
Abbott Xience PROX 3.0 mm x 23 mm (7083041915048);14.12.2017 13:20;-3;"";5.9.2020;08717648164354;7083041915048;HUS Meilahti kaupinta varasto BMXP BMX6
Abbott Xience PROX 3.0 mm x 23 mm (7083041915206);31.1.2018 9:23;-2;"";5.9.2020;08717648164354;7083041915206;HUS Meilahti kaupinta varasto BMXP BMX6
Abbott Xience PROX 3.0 mm x 23 mm (7083041915210);29.1.2018 11:09;-2;"";5.9.2020;08717648164354;7083041915210;HUS Meilahti kaupinta varasto BMXP BMX6
Abbott Xience PROX 3.0 mm x 23 mm (7110341915384);16.1.2018 14:31;1;"";13.11.2020;08717648164354;7110341915384;HUS Meilahti kaupinta varasto BMXP BMX6
Abbott Xience PROX 3.0 mm x 23 mm (7110341915411);1.2.2018 16:01;1;"";13.11.2020;08717648164354;7110341915411;HUS Meilahti kaupinta varasto BMXP BMX6
Abbott Xience PROX 3.0 mm x 23 mm (7110341915412);1.2.2018 16:01;1;"";13.11.2020;08717648164354;7110341915412;HUS Meilahti kaupinta varasto BMXP BMX6
Abbott Xience PROX 3.0 mm x 23 mm (7110341915472);5.2.2018 13:58;-1;"";13.11.2020;08717648164354;7110341915472;HUS Meilahti kaupinta varasto BMXP BMX6
Abbott Xience PROX 3.0 mm x 23 mm (7120741915079);5.2.2018 14:19;1;"";13.12.2020;08717648164354;7120741915079;HUS Meilahti kaupinta varasto BMXP BMX6
Abbott Xience PROX 3.0 mm x 23 mm (7121141915449);8.2.2018 9:58;1;"";19.12.2020;08717648164354;7121141915449;HUS Meilahti kaupinta varasto BMXP BMX6
Abbott Xience PROX 3.0 mm x 23 mm (8011141915692);3.4.2018 14:45;1;"";21.1.2021;08717648164354;8011141915692;HUS Meilahti kaupinta varasto BMXP BMX6
Abbott Xience PROX 3.0 mm x 23 mm (8011141915897);15.2.2018 9:46;1;"";21.1.2021;08717648164354;8011141915897;HUS Meilahti kaupinta varasto BMXP BMX6
Abbott Xience PROX 3.0 mm x 23 mm (8012941915128);25.4.2018 10:55;1;"";8.2.2021;08717648164354;8012941915128;HUS Meilahti kaupinta varasto BMXP BMX6
Abbott Xience PROX 3.0 mm x 28 mm (6111041916527);13.6.2017 13:40;-1;"";22.11.2019;08717648164361;6111041916527;HUS Meilahti kaupinta varasto BMXP BMX6
Abbott Xience PROX 3.0 mm x 28 mm (6111041916528);21.6.2017 14:11;-1;"";22.11.2019;08717648164361;6111041916528;HUS Meilahti kaupinta varasto BMXP BMX6
Abbott Xience PROX 3.0 mm x 28 mm (7040641915056);9.8.2017 12:46;-3;"";19.4.2020;08717648164361;7040641915056;HUS Meilahti kaupinta varasto BMXP BMX6
Abbott Xience PROX 3.0 mm x 28 mm (7061241915932);30.10.2017 12:17;-1;"";18.6.2020;08717648164361;7061241915932;HUS Meilahti kaupinta varasto BMXP BMX6
Abbott Xience PROX 3.0 mm x 28 mm (7061241915934);5.2.2018 14:36;-1;"";18.6.2020;08717648164361;7061241915934;HUS Meilahti kaupinta varasto BMXP BMX6
Abbott Xience PROX 3.0 mm x 28 mm (7111741915197);1.2.2018 16:00;1;"";22.11.2020;08717648164361;7111741915197;HUS Meilahti kaupinta varasto BMXP BMX6
Abbott Xience PROX 3.0 mm x 28 mm (7111741915280);16.1.2018 14:22;1;"";22.11.2020;08717648164361;7111741915280;HUS Meilahti kaupinta varasto BMXP BMX6
Abbott Xience PROX 3.0 mm x 28 mm (7121341915403);15.2.2018 9:45;1;"";18.12.2020;08717648164361;7121341915403;HUS Meilahti kaupinta varasto BMXP BMX6
Abbott Xience PROX 3.0 mm x 28 mm (7121341915700);5.2.2018 14:19;1;"";18.12.2020;08717648164361;7121341915700;HUS Meilahti kaupinta varasto BMXP BMX6
Abbott Xience PROX 3.0 mm x 38 mm (6111641915217);19.4.2017 12:46;-1;"";21.11.2019;08717648164385;6111641915217;HUS Meilahti kaupinta varasto BMXP BMX6
Abbott Xience PROX 3.0 mm x 38 mm (7040741915219);24.7.2017 11:18;-2;"";18.4.2020;08717648164385;7040741915219;HUS Meilahti kaupinta varasto BMXP BMX6
Abbott Xience PROX 3.0 mm x 38 mm (7051941915421);28.8.2017 11:13;-4;"";30.5.2020;08717648164385;7051941915421;HUS Meilahti kaupinta varasto BMXP BMX6
Abbott Xience PROX 3.0 mm x 38 mm (7051941915453);6.10.2017 13:37;-1;"";30.5.2020;08717648164385;7051941915453;HUS Meilahti kaupinta varasto BMXP BMX6
Abbott Xience PROX 3.0 mm x 38 mm (7102741916591);16.1.2018 14:22;1;"";9.11.2020;08717648164385;7102741916591;HUS Meilahti kaupinta varasto BMXP BMX6
Abbott Xience PROX 3.0 mm x 38 mm (7112341916759);4.4.2018 13:40;1;"";3.12.2020;08717648164385;7112341916759;HUS Meilahti kaupinta varasto BMXP BMX6
Abbott Xience PROX 3.0 mm x 8 mm (6112241915247);21.3.2017 10:16;-1;"";29.11.2019;08717648164316;6112241915247;HUS Meilahti kaupinta varasto BMXP BMX6
Abbott Xience PROX 3.0 mm x 8 mm (7011841915117);26.6.2017 11:16;-1;"";24.1.2020;08717648164316;7011841915117;HUS Meilahti kaupinta varasto BMXP BMX6
Abbott Xience PROX 3.0 mm x 8 mm (7050341915167);16.8.2017 11:37;-2;"";14.5.2020;08717648164316;7050341915167;HUS Meilahti kaupinta varasto BMXP BMX6
Abbott Xience PROX 3.0 mm x 8 mm (7062341915142);24.11.2017 11:06;-2;"";4.7.2020;08717648164316;7062341915142;HUS Meilahti kaupinta varasto BMXP BMX6
Abbott Xience PROX 3.0 mm x 8 mm (7080441915213);20.3.2018 13:08;-1;"";15.8.2020;08717648164316;7080441915213;HUS Meilahti kaupinta varasto BMXP BMX6
Abbott Xience PROX 3.0 mm x 8 mm (7090441915109);5.1.2018 13:04;1;"";10.9.2020;08717648164316;7090441915109;HUS Meilahti kaupinta varasto BMXP BMX6
Abbott Xience PROX 3.0 mm x 8 mm (7101141915078);15.2.2018 10:20;1;"";18.10.2020;08717648164316;7101141915078;HUS Meilahti kaupinta varasto BMXP BMX6
Abbott Xience PROX 3.0 mm x 8 mm (7101141915344);21.3.2018 12:44;1;"";18.10.2020;08717648164316;7101141915344;HUS Meilahti kaupinta varasto BMXP BMX6
Abbott Xience PROX 3.5 mm x 08 mm (6112841915236);26.6.2017 9:58;-1;"";6.12.2019;08717648161834;6112841915236;HUS Meilahti kaupinta varasto BMXP BMX6
Abbott Xience PROX 3.5 mm x 08 mm (7082141915345);23.2.2018 10:44;1;"";30.8.2020;08717648161834;7082141915345;HUS Meilahti kaupinta varasto BMXP BMX6
Abbott Xience PROX 3.5 mm x 08 mm (7102641915416);29.1.2018 12:32;1;"";9.11.2020;08717648161834;7102641915416;HUS Meilahti kaupinta varasto BMXP BMX6
Abbott Xience PROX 3.5 mm x 12 mm (6112341915919);2.5.2017 14:50;-3;"";30.11.2019;08717648161841;6112341915919;HUS Meilahti kaupinta varasto BMXP BMX6
Abbott Xience PROX 3.5 mm x 12 mm (7020941915258);19.4.2017 13:32;-2;"";19.2.2020;08717648161841;7020941915258;HUS Meilahti kaupinta varasto BMXP BMX6
Abbott Xience PROX 3.5 mm x 12 mm (7030341915022);9.8.2017 12:45;-7;"";12.3.2020;08717648161841;7030341915022;HUS Meilahti kaupinta varasto BMXP BMX6
Abbott Xience PROX 3.5 mm x 12 mm (7030341915030);2.3.2018 9:45;1;"";12.3.2020;08717648161841;7030341915030;HUS Meilahti kaupinta varasto BMXP BMX6
Abbott Xience PROX 3.5 mm x 12 mm (7030341915063);29.5.2017 13:10;-1;"";12.3.2020;08717648161841;7030341915063;HUS Meilahti kaupinta varasto BMXP BMX6
Abbott Xience PROX 3.5 mm x 12 mm (7050441915248);11.9.2017 12:56;-9;"";14.5.2020;08717648161841;7050441915248;HUS Meilahti kaupinta varasto BMXP BMX6
Abbott Xience PROX 3.5 mm x 12 mm (7050441915335);23.4.2018 11:30;-1;"";14.5.2020;08717648161841;7050441915335;HUS Meilahti kaupinta varasto BMXP BMX6
Abbott Xience PROX 3.5 mm x 12 mm (7050441915413);5.3.2018 14:21;1;"";14.5.2020;08717648161841;7050441915413;HUS Meilahti kaupinta varasto BMXP BMX6
Abbott Xience PROX 3.5 mm x 12 mm (7062741915012);2.10.2017 13:14;-1;"";3.7.2020;08717648161841;7062741915012;HUS Meilahti kaupinta varasto BMXP BMX6
Abbott Xience PROX 3.5 mm x 12 mm (7062741915290);18.9.2017 11:41;-1;"";3.7.2020;08717648161841;7062741915290;HUS Meilahti kaupinta varasto BMXP BMX6
Abbott Xience PROX 3.5 mm x 12 mm (7062741915292);26.9.2017 9:43;-2;"";3.7.2020;08717648161841;7062741915292;HUS Meilahti kaupinta varasto BMXP BMX6
Abbott Xience PROX 3.5 mm x 12 mm (7062741915530);21.3.2018 12:43;1;"";3.7.2020;08717648161841;7062741915530;HUS Meilahti kaupinta varasto BMXP BMX6
Abbott Xience PROX 3.5 mm x 12 mm (7080241915194);30.10.2017 12:17;-2;"";13.8.2020;08717648161841;7080241915194;HUS Meilahti kaupinta varasto BMXP BMX6
Abbott Xience PROX 3.5 mm x 12 mm (7080241915221);3.10.2017 13:32;-1;"";13.8.2020;08717648161841;7080241915221;HUS Meilahti kaupinta varasto BMXP BMX6
Abbott Xience PROX 3.5 mm x 12 mm (7082841915063);13.2.2018 14:12;-2;"";5.9.2020;08717648161841;7082841915063;HUS Meilahti kaupinta varasto BMXP BMX6
Abbott Xience PROX 3.5 mm x 12 mm (7082841915223);13.2.2018 14:33;1;"";5.9.2020;08717648161841;7082841915223;HUS Meilahti kaupinta varasto BMXP BMX6
Abbott Xience PROX 3.5 mm x 12 mm (7082841915970);20.11.2017 13:43;-1;"";5.9.2020;08717648161841;7082841915970;HUS Meilahti kaupinta varasto BMXP BMX6
Abbott Xience PROX 3.5 mm x 12 mm (7082841915973);22.11.2017 13:51;-1;"";5.9.2020;08717648161841;7082841915973;HUS Meilahti kaupinta varasto BMXP BMX6
Abbott Xience PROX 3.5 mm x 12 mm (7102441915250);22.1.2018 14:43;1;"";30.10.2020;08717648161841;7102441915250;HUS Meilahti kaupinta varasto BMXP BMX6
Abbott Xience PROX 3.5 mm x 12 mm (7102441915331);19.4.2018 13:50;-1;"";30.10.2020;08717648161841;7102441915331;HUS Meilahti kaupinta varasto BMXP BMX6
Abbott Xience PROX 3.5 mm x 12 mm (7120741915999);5.3.2018 14:12;-1;"";14.12.2020;08717648161841;7120741915999;HUS Meilahti kaupinta varasto BMXP BMX6
Abbott Xience PROX 3.5 mm x 12 mm (7120741916419);13.4.2018 13:19;1;"";14.12.2020;08717648161841;7120741916419;HUS Meilahti kaupinta varasto BMXP BMX6
Abbott Xience PROX 3.5 mm x 12 mm (7120741916422);17.4.2018 14:13;1;"";14.12.2020;08717648161841;7120741916422;HUS Meilahti kaupinta varasto BMXP BMX6
Abbott Xience PROX 3.5 mm x 12 mm (8030941915208);20.4.2018 14:17;1;"";18.3.2021;08717648161841;8030941915208;HUS Meilahti kaupinta varasto BMXP BMX6
Abbott Xience PROX 3.5 mm x 12 mm (8030941915209);23.4.2018 12:29;1;"";18.3.2021;08717648161841;8030941915209;HUS Meilahti kaupinta varasto BMXP BMX6
Abbott Xience PROX 3.5 mm x 12 mm (8030941915565);11.5.2018 14:10;1;"";18.3.2021;08717648161841;8030941915565;HUS Meilahti kaupinta varasto BMXP BMX6
Abbott Xience PROX 3.5 mm x 15 mm (6111041915003);10.3.2017 13:40;-1;"";22.11.2019;08717648161858;6111041915003;HUS Meilahti kaupinta varasto BMXP BMX6
Abbott Xience PROX 3.5 mm x 15 mm (7011141915375);4.5.2017 13:16;-1;"";17.1.2020;08717648161858;7011141915375;HUS Meilahti kaupinta varasto BMXP BMX6
Abbott Xience PROX 3.5 mm x 15 mm (7013041915002);14.3.2018 12:53;-2;"";6.2.2020;08717648161858;7013041915002;HUS Meilahti kaupinta varasto BMXP BMX6
Abbott Xience PROX 3.5 mm x 15 mm (7013041915003);24.5.2017 12:56;-1;"";6.2.2020;08717648161858;7013041915003;HUS Meilahti kaupinta varasto BMXP BMX6
Abbott Xience PROX 3.5 mm x 15 mm (7013041915401);9.5.2017 14:38;-1;"";6.2.2020;08717648161858;7013041915401;HUS Meilahti kaupinta varasto BMXP BMX6
Abbott Xience PROX 3.5 mm x 15 mm (7013041915552);5.3.2018 13:52;1;"";6.2.2020;08717648161858;7013041915552;HUS Meilahti kaupinta varasto BMXP BMX6
Abbott Xience PROX 3.5 mm x 15 mm (7013041915589);4.5.2017 12:01;-1;"";6.2.2020;08717648161858;7013041915589;HUS Meilahti kaupinta varasto BMXP BMX6
Abbott Xience PROX 3.5 mm x 15 mm (7032241915811);9.8.2017 13:14;-4;"";28.3.2020;08717648161858;7032241915811;HUS Meilahti kaupinta varasto BMXP BMX6
Abbott Xience PROX 3.5 mm x 15 mm (7042641915486);14.7.2017 8:12;-2;"";3.5.2020;08717648161858;7042641915486;HUS Meilahti kaupinta varasto BMXP BMX6
Abbott Xience PROX 3.5 mm x 15 mm (7050941915123);20.10.2017 13:04;-12;"";17.5.2020;08717648161858;7050941915123;HUS Meilahti kaupinta varasto BMXP BMX6
Abbott Xience PROX 3.5 mm x 15 mm (7050941915124);16.8.2017 11:37;-3;"";17.5.2020;08717648161858;7050941915124;HUS Meilahti kaupinta varasto BMXP BMX6
Abbott Xience PROX 3.5 mm x 15 mm (7050941915351);31.7.2017 13:25;1;"";17.5.2020;08717648161858;7050941915351;HUS Meilahti kaupinta varasto BMXP BMX6
Abbott Xience PROX 3.5 mm x 15 mm (7062741915043);12.1.2018 14:34;-5;"";3.7.2020;08717648161858;7062741915043;HUS Meilahti kaupinta varasto BMXP BMX6
Abbott Xience PROX 3.5 mm x 15 mm (7071141915101);19.12.2017 8:42;-4;"";18.7.2020;08717648161858;7071141915101;HUS Meilahti kaupinta varasto BMXP BMX6
Abbott Xience PROX 3.5 mm x 15 mm (7071141915434);21.9.2017 13:42;-1;"";18.7.2020;08717648161858;7071141915434;HUS Meilahti kaupinta varasto BMXP BMX6
Abbott Xience PROX 3.5 mm x 15 mm (7091241915815);4.1.2018 14:21;-1;"";18.9.2020;08717648161858;7091241915815;HUS Meilahti kaupinta varasto BMXP BMX6
Abbott Xience PROX 3.5 mm x 15 mm (7091241915861);26.3.2018 13:50;-2;"";18.9.2020;08717648161858;7091241915861;HUS Meilahti kaupinta varasto BMXP BMX6
Abbott Xience PROX 3.5 mm x 15 mm (7091241916111);14.3.2018 13:14;1;"";18.9.2020;08717648161858;7091241916111;HUS Meilahti kaupinta varasto BMXP BMX6
Abbott Xience PROX 3.5 mm x 15 mm (7091241916118);13.12.2017 9:27;1;"";18.9.2020;08717648161858;7091241916118;HUS Meilahti kaupinta varasto BMXP BMX6
Abbott Xience PROX 3.5 mm x 15 mm (7091241916119);1.2.2018 15:59;1;"";18.9.2020;08717648161858;7091241916119;HUS Meilahti kaupinta varasto BMXP BMX6
Abbott Xience PROX 3.5 mm x 15 mm (7102341915002);1.2.2018 15:42;1;"";1.11.2020;08717648161858;7102341915002;HUS Meilahti kaupinta varasto BMXP BMX6
Abbott Xience PROX 3.5 mm x 15 mm (7102341915092);20.3.2018 13:08;-1;"";1.11.2020;08717648161858;7102341915092;HUS Meilahti kaupinta varasto BMXP BMX6
Abbott Xience PROX 3.5 mm x 15 mm (7111641915347);20.3.2018 13:55;-2;"";21.11.2020;08717648161858;7111641915347;HUS Meilahti kaupinta varasto BMXP BMX6
Abbott Xience PROX 3.5 mm x 15 mm (7111641915510);1.2.2018 13:50;-1;"";21.11.2020;08717648161858;7111641915510;HUS Meilahti kaupinta varasto BMXP BMX6
Abbott Xience PROX 3.5 mm x 15 mm (7111641915511);15.2.2018 9:39;-1;"";21.11.2020;08717648161858;7111641915511;HUS Meilahti kaupinta varasto BMXP BMX6
Abbott Xience PROX 3.5 mm x 15 mm (7111641915513);15.2.2018 10:17;-1;"";21.11.2020;08717648161858;7111641915513;HUS Meilahti kaupinta varasto BMXP BMX6
Abbott Xience PROX 3.5 mm x 15 mm (7111641915514);18.1.2018 9:49;1;"";21.11.2020;08717648161858;7111641915514;HUS Meilahti kaupinta varasto BMXP BMX6
Abbott Xience PROX 3.5 mm x 15 mm (7111641915697);26.1.2018 14:04;1;"";21.11.2020;08717648161858;7111641915697;HUS Meilahti kaupinta varasto BMXP BMX6
Abbott Xience PROX 3.5 mm x 15 mm (7111641915698);29.1.2018 12:45;1;"";21.11.2020;08717648161858;7111641915698;HUS Meilahti kaupinta varasto BMXP BMX6
Abbott Xience PROX 3.5 mm x 15 mm (7111641915699);29.1.2018 12:45;1;"";21.11.2020;08717648161858;7111641915699;HUS Meilahti kaupinta varasto BMXP BMX6
Abbott Xience PROX 3.5 mm x 15 mm (7111641915700);1.2.2018 13:52;1;"";21.11.2020;08717648161858;7111641915700;HUS Meilahti kaupinta varasto BMXP BMX6
Abbott Xience PROX 3.5 mm x 15 mm (7123041915216);19.3.2018 13:52;-2;"";10.1.2021;08717648161858;7123041915216;HUS Meilahti kaupinta varasto BMXP BMX6
Abbott Xience PROX 3.5 mm x 15 mm (7123041915219);20.2.2018 9:50;1;"";10.1.2021;08717648161858;7123041915219;HUS Meilahti kaupinta varasto BMXP BMX6
Abbott Xience PROX 3.5 mm x 15 mm (7123041915220);23.2.2018 10:44;1;"";10.1.2021;08717648161858;7123041915220;HUS Meilahti kaupinta varasto BMXP BMX6
Abbott Xience PROX 3.5 mm x 15 mm (7123041915222);26.2.2018 14:14;1;"";10.1.2021;08717648161858;7123041915222;HUS Meilahti kaupinta varasto BMXP BMX6
Abbott Xience PROX 3.5 mm x 15 mm (7123041915650);15.2.2018 10:20;1;"";10.1.2021;08717648161858;7123041915650;HUS Meilahti kaupinta varasto BMXP BMX6
Abbott Xience PROX 3.5 mm x 15 mm (7123041915651);19.2.2018 10:45;-1;"";10.1.2021;08717648161858;7123041915651;HUS Meilahti kaupinta varasto BMXP BMX6
Abbott Xience PROX 3.5 mm x 15 mm (7123041915784);21.3.2018 12:38;-1;"";10.1.2021;08717648161858;7123041915784;HUS Meilahti kaupinta varasto BMXP BMX6
Abbott Xience PROX 3.5 mm x 15 mm (8013041915065);3.4.2018 14:42;1;"";8.2.2021;08717648161858;8013041915065;HUS Meilahti kaupinta varasto BMXP BMX6
Abbott Xience PROX 3.5 mm x 15 mm (8013041915066);9.4.2018 14:19;1;"";8.2.2021;08717648161858;8013041915066;HUS Meilahti kaupinta varasto BMXP BMX6
Abbott Xience PROX 3.5 mm x 15 mm (8013041915068);12.4.2018 13:35;1;"";8.2.2021;08717648161858;8013041915068;HUS Meilahti kaupinta varasto BMXP BMX6
Abbott Xience PROX 3.5 mm x 15 mm (8013041915069);3.4.2018 14:45;1;"";8.2.2021;08717648161858;8013041915069;HUS Meilahti kaupinta varasto BMXP BMX6
Abbott Xience PROX 3.5 mm x 15 mm (8013041915070);5.4.2018 12:39;1;"";8.2.2021;08717648161858;8013041915070;HUS Meilahti kaupinta varasto BMXP BMX6
Abbott Xience PROX 3.5 mm x 15 mm (8013041915102);7.5.2018 13:58;1;"";8.2.2021;08717648161858;8013041915102;HUS Meilahti kaupinta varasto BMXP BMX6
Abbott Xience PROX 3.5 mm x 15 mm (8013041915103);7.5.2018 13:58;1;"";8.2.2021;08717648161858;8013041915103;HUS Meilahti kaupinta varasto BMXP BMX6
Abbott Xience PROX 3.5 mm x 15 mm (8013041915104);11.5.2018 14:12;1;"";8.2.2021;08717648161858;8013041915104;HUS Meilahti kaupinta varasto BMXP BMX6
Abbott Xience PROX 3.5 mm x 15 mm (8013041915127);19.4.2018 13:31;1;"";8.2.2021;08717648161858;8013041915127;HUS Meilahti kaupinta varasto BMXP BMX6
Abbott Xience PROX 3.5 mm x 15 mm (8013041915129);25.4.2018 10:55;1;"";8.2.2021;08717648161858;8013041915129;HUS Meilahti kaupinta varasto BMXP BMX6
Abbott Xience PROX 3.5 mm x 15 mm (8013041915178);23.4.2018 11:16;1;"";8.2.2021;08717648161858;8013041915178;HUS Meilahti kaupinta varasto BMXP BMX6
Abbott Xience PROX 3.5 mm x 15 mm (8013041915184);25.4.2018 10:55;1;"";8.2.2021;08717648161858;8013041915184;HUS Meilahti kaupinta varasto BMXP BMX6
Abbott Xience PROX 3.5 mm x 15 mm (8013041915185);27.4.2018 14:15;1;"";8.2.2021;08717648161858;8013041915185;HUS Meilahti kaupinta varasto BMXP BMX6
Abbott Xience PROX 3.5 mm x 15 mm (8013041915362);25.4.2018 10:33;-2;"";8.2.2021;08717648161858;8013041915362;HUS Meilahti kaupinta varasto BMXP BMX6
Abbott Xience PROX 3.5 mm x 15 mm (8013041915363);25.4.2018 10:33;-1;"";8.2.2021;08717648161858;8013041915363;HUS Meilahti kaupinta varasto BMXP BMX6
Abbott Xience PROX 3.5 mm x 15 mm (8013041915364);5.4.2018 12:37;-1;"";8.2.2021;08717648161858;8013041915364;HUS Meilahti kaupinta varasto BMXP BMX6
Abbott Xience PROX 3.5 mm x 15 mm (8013041915483);27.4.2018 13:57;-1;"";8.2.2021;08717648161858;8013041915483;HUS Meilahti kaupinta varasto BMXP BMX6
Abbott Xience PROX 3.5 mm x 15 mm (8013041915861);11.5.2018 14:04;-1;"";8.2.2021;08717648161858;8013041915861;HUS Meilahti kaupinta varasto BMXP BMX6
Abbott Xience PROX 3.5 mm x 18 mm (6111841915667);27.3.2017 13:25;-3;"";28.11.2019;08717648161865;6111841915667;HUS Meilahti kaupinta varasto BMXP BMX6
Abbott Xience PROX 3.5 mm x 18 mm (6122141916258);28.3.2017 10:54;-2;"";11.1.2020;08717648161865;6122141916258;HUS Meilahti kaupinta varasto BMXP BMX6
Abbott Xience PROX 3.5 mm x 18 mm (7013141915116);7.6.2017 9:48;-2;"";12.2.2020;08717648161865;7013141915116;HUS Meilahti kaupinta varasto BMXP BMX6
Abbott Xience PROX 3.5 mm x 18 mm (7021041915271);26.5.2017 11:21;-1;"";19.2.2020;08717648161865;7021041915271;HUS Meilahti kaupinta varasto BMXP BMX6
Abbott Xience PROX 3.5 mm x 18 mm (7021041916081);9.3.2018 11:00;1;"";19.2.2020;08717648161865;7021041916081;HUS Meilahti kaupinta varasto BMXP BMX6
Abbott Xience PROX 3.5 mm x 18 mm (7021041916085);31.5.2017 15:05;-2;"";19.2.2020;08717648161865;7021041916085;HUS Meilahti kaupinta varasto BMXP BMX6
Abbott Xience PROX 3.5 mm x 18 mm (7032841915011);29.6.2017 11:08;-3;"";4.4.2020;08717648161865;7032841915011;HUS Meilahti kaupinta varasto BMXP BMX6
Abbott Xience PROX 3.5 mm x 18 mm (7032841915442);14.3.2018 13:14;1;"";4.4.2020;08717648161865;7032841915442;HUS Meilahti kaupinta varasto BMXP BMX6
Abbott Xience PROX 3.5 mm x 18 mm (7041341915503);2.8.2017 10:10;-2;"";25.4.2020;08717648161865;7041341915503;HUS Meilahti kaupinta varasto BMXP BMX6
Abbott Xience PROX 3.5 mm x 18 mm (7050441915447);25.8.2017 13:49;-6;"";17.5.2020;08717648161865;7050441915447;HUS Meilahti kaupinta varasto BMXP BMX6
Abbott Xience PROX 3.5 mm x 18 mm (7050441915448);11.8.2017 9:52;-1;"";17.5.2020;08717648161865;7050441915448;HUS Meilahti kaupinta varasto BMXP BMX6
Abbott Xience PROX 3.5 mm x 18 mm (7050441915472);21.7.2017 9:42;-1;"";17.5.2020;08717648161865;7050441915472;HUS Meilahti kaupinta varasto BMXP BMX6
Abbott Xience PROX 3.5 mm x 18 mm (7062841915330);25.9.2017 14:13;-1;"";5.7.2020;08717648161865;7062841915330;HUS Meilahti kaupinta varasto BMXP BMX6
Abbott Xience PROX 3.5 mm x 18 mm (7072141915027);24.11.2017 11:06;-2;"";1.8.2020;08717648161865;7072141915027;HUS Meilahti kaupinta varasto BMXP BMX6
Abbott Xience PROX 3.5 mm x 18 mm (7082441915701);16.1.2018 14:16;-1;"";30.8.2020;08717648161865;7082441915701;HUS Meilahti kaupinta varasto BMXP BMX6
Abbott Xience PROX 3.5 mm x 18 mm (7111741915043);19.3.2018 13:52;-1;"";26.11.2020;08717648161865;7111741915043;HUS Meilahti kaupinta varasto BMXP BMX6
Abbott Xience PROX 3.5 mm x 18 mm (7111741915794);19.1.2018 13:34;1;"";26.11.2020;08717648161865;7111741915794;HUS Meilahti kaupinta varasto BMXP BMX6
Abbott Xience PROX 3.5 mm x 18 mm (7111741915816);5.2.2018 14:35;-1;"";26.11.2020;08717648161865;7111741915816;HUS Meilahti kaupinta varasto BMXP BMX6
Abbott Xience PROX 3.5 mm x 18 mm (7111741915817);3.1.2018 13:56;1;"";26.11.2020;08717648161865;7111741915817;HUS Meilahti kaupinta varasto BMXP BMX6
Abbott Xience PROX 3.5 mm x 18 mm (7112041915483);23.4.2018 11:29;-3;"";26.11.2020;08717648161865;7112041915483;HUS Meilahti kaupinta varasto BMXP BMX6
Abbott Xience PROX 3.5 mm x 18 mm (7112041915484);23.2.2018 10:42;1;"";26.11.2020;08717648161865;7112041915484;HUS Meilahti kaupinta varasto BMXP BMX6
Abbott Xience PROX 3.5 mm x 18 mm (7112041915664);8.2.2018 9:34;1;"";26.11.2020;08717648161865;7112041915664;HUS Meilahti kaupinta varasto BMXP BMX6
Abbott Xience PROX 3.5 mm x 18 mm (7112041916130);5.2.2018 14:39;1;"";26.11.2020;08717648161865;7112041916130;HUS Meilahti kaupinta varasto BMXP BMX6
Abbott Xience PROX 3.5 mm x 18 mm (8012341915425);14.3.2018 13:14;1;"";31.1.2021;08717648161865;8012341915425;HUS Meilahti kaupinta varasto BMXP BMX6
Abbott Xience PROX 3.5 mm x 18 mm (8012341915491);27.2.2018 14:31;1;"";31.1.2021;08717648161865;8012341915491;HUS Meilahti kaupinta varasto BMXP BMX6
Abbott Xience PROX 3.5 mm x 18 mm (8012341915853);19.4.2018 13:21;-1;"";31.1.2021;08717648161865;8012341915853;HUS Meilahti kaupinta varasto BMXP BMX6
Abbott Xience PROX 3.5 mm x 18 mm (8020641915454);5.4.2018 13:08;1;"";14.2.2021;08717648161865;8020641915454;HUS Meilahti kaupinta varasto BMXP BMX6
Abbott Xience PROX 3.5 mm x 18 mm (8020641915509);19.4.2018 13:31;1;"";14.2.2021;08717648161865;8020641915509;HUS Meilahti kaupinta varasto BMXP BMX6
Abbott Xience PROX 3.5 mm x 18 mm (8020641915513);23.4.2018 12:29;1;"";14.2.2021;08717648161865;8020641915513;HUS Meilahti kaupinta varasto BMXP BMX6
Abbott Xience PROX 3.5 mm x 18 mm (8020641915557);3.5.2018 10:56;1;"";14.2.2021;08717648161865;8020641915557;HUS Meilahti kaupinta varasto BMXP BMX6
Abbott Xience PROX 3.5 mm x 18 mm (8020641915625);3.5.2018 11:12;1;"";14.2.2021;08717648161865;8020641915625;HUS Meilahti kaupinta varasto BMXP BMX6
Abbott Xience PROX 3.5 mm x 18 mm (8020641915629);2.5.2018 14:53;1;"";14.2.2021;08717648161865;8020641915629;HUS Meilahti kaupinta varasto BMXP BMX6
Abbott Xience PROX 3.5 mm x 23 mm (6101341916775);2.6.2017 14:47;-3;"";18.10.2019;08717648161872;6101341916775;HUS Meilahti kaupinta varasto BMXP BMX6
Abbott Xience PROX 3.5 mm x 23 mm (7031541915100);12.1.2018 14:14;-2;"";22.3.2020;08717648161872;7031541915100;HUS Meilahti kaupinta varasto BMXP BMX6
Abbott Xience PROX 3.5 mm x 23 mm (7031541915671);15.3.2018 13:36;1;"";22.3.2020;08717648161872;7031541915671;HUS Meilahti kaupinta varasto BMXP BMX6
Abbott Xience PROX 3.5 mm x 23 mm (7031541915916);27.11.2017 14:25;1;"";22.3.2020;08717648161872;7031541915916;HUS Meilahti kaupinta varasto BMXP BMX6
Abbott Xience PROX 3.5 mm x 23 mm (7041341915056);17.7.2017 9:54;-2;"";23.4.2020;08717648161872;7041341915056;HUS Meilahti kaupinta varasto BMXP BMX6
Abbott Xience PROX 3.5 mm x 23 mm (7050441915610);21.9.2017 13:41;-2;"";17.5.2020;08717648161872;7050441915610;HUS Meilahti kaupinta varasto BMXP BMX6
Abbott Xience PROX 3.5 mm x 23 mm (7050441915611);28.7.2017 9:54;-1;"";17.5.2020;08717648161872;7050441915611;HUS Meilahti kaupinta varasto BMXP BMX6
Abbott Xience PROX 3.5 mm x 23 mm (7062041915169);11.9.2017 12:56;-2;"";28.6.2020;08717648161872;7062041915169;HUS Meilahti kaupinta varasto BMXP BMX6
Abbott Xience PROX 3.5 mm x 23 mm (7071241915143);10.1.2018 14:19;-1;"";19.7.2020;08717648161872;7071241915143;HUS Meilahti kaupinta varasto BMXP BMX6
Abbott Xience PROX 3.5 mm x 23 mm (7071241916039);31.10.2017 13:32;-1;"";19.7.2020;08717648161872;7071241916039;HUS Meilahti kaupinta varasto BMXP BMX6
Abbott Xience PROX 3.5 mm x 23 mm (7081841916082);27.11.2017 14:01;-1;"";30.8.2020;08717648161872;7081841916082;HUS Meilahti kaupinta varasto BMXP BMX6
Abbott Xience PROX 3.5 mm x 23 mm (7101941915174);1.2.2018 15:41;1;"";31.10.2020;08717648161872;7101941915174;HUS Meilahti kaupinta varasto BMXP BMX6
Abbott Xience PROX 3.5 mm x 23 mm (7101941915351);23.2.2018 10:31;-2;"";31.10.2020;08717648161872;7101941915351;HUS Meilahti kaupinta varasto BMXP BMX6
Abbott Xience PROX 3.5 mm x 23 mm (7101941915839);10.1.2018 14:23;1;"";31.10.2020;08717648161872;7101941915839;HUS Meilahti kaupinta varasto BMXP BMX6
Abbott Xience PROX 3.5 mm x 23 mm (7110741915630);15.3.2018 13:24;-1;"";13.11.2020;08717648161872;7110741915630;HUS Meilahti kaupinta varasto BMXP BMX6
Abbott Xience PROX 3.5 mm x 23 mm (7110741915631);15.2.2018 10:20;1;"";13.11.2020;08717648161872;7110741915631;HUS Meilahti kaupinta varasto BMXP BMX6
Abbott Xience PROX 3.5 mm x 23 mm (7110741915794);19.2.2018 10:46;-2;"";13.11.2020;08717648161872;7110741915794;HUS Meilahti kaupinta varasto BMXP BMX6
Abbott Xience PROX 3.5 mm x 23 mm (7110741915849);26.1.2018 14:04;1;"";13.11.2020;08717648161872;7110741915849;HUS Meilahti kaupinta varasto BMXP BMX6
Abbott Xience PROX 3.5 mm x 23 mm (7110741915850);29.1.2018 12:45;1;"";13.11.2020;08717648161872;7110741915850;HUS Meilahti kaupinta varasto BMXP BMX6
Abbott Xience PROX 3.5 mm x 23 mm (7120141915674);19.2.2018 10:53;1;"";11.12.2020;08717648161872;7120141915674;HUS Meilahti kaupinta varasto BMXP BMX6
Abbott Xience PROX 3.5 mm x 23 mm (7120141915713);26.3.2018 14:19;-1;"";11.12.2020;08717648161872;7120141915713;HUS Meilahti kaupinta varasto BMXP BMX6
Abbott Xience PROX 3.5 mm x 23 mm (7120141915714);23.2.2018 10:42;1;"";11.12.2020;08717648161872;7120141915714;HUS Meilahti kaupinta varasto BMXP BMX6
Abbott Xience PROX 3.5 mm x 23 mm (8010941915099);26.3.2018 14:30;1;"";16.1.2021;08717648161872;8010941915099;HUS Meilahti kaupinta varasto BMXP BMX6
Abbott Xience PROX 3.5 mm x 23 mm (8010941915100);2.5.2018 13:53;-1;"";16.1.2021;08717648161872;8010941915100;HUS Meilahti kaupinta varasto BMXP BMX6
Abbott Xience PROX 3.5 mm x 23 mm (8010941915524);2.5.2018 14:54;1;"";16.1.2021;08717648161872;8010941915524;HUS Meilahti kaupinta varasto BMXP BMX6
Abbott Xience PROX 3.5 mm x 23 mm (8010941915527);2.5.2018 14:56;1;"";16.1.2021;08717648161872;8010941915527;HUS Meilahti kaupinta varasto BMXP BMX6
Abbott Xience PROX 3.5 mm x 23 mm (8022341915509);3.5.2018 11:12;1;"";12.3.2021;08717648161872;8022341915509;HUS Meilahti kaupinta varasto BMXP BMX6
Abbott Xience PROX 3.5 mm x 28 mm (6110941915078);10.4.2017 14:40;-1;"";22.11.2019;08717648161889;6110941915078;HUS Meilahti kaupinta varasto BMXP BMX6
Abbott Xience PROX 3.5 mm x 28 mm (6113041915743);6.6.2017 15:31;-1;"";6.12.2019;08717648161889;6113041915743;HUS Meilahti kaupinta varasto BMXP BMX6
Abbott Xience PROX 3.5 mm x 28 mm (7022041915157);19.12.2017 8:41;-2;"";23.2.2020;08717648161889;7022041915157;HUS Meilahti kaupinta varasto BMXP BMX6
Abbott Xience PROX 3.5 mm x 28 mm (7061241915236);19.12.2017 8:42;-1;"";15.6.2020;08717648161889;7061241915236;HUS Meilahti kaupinta varasto BMXP BMX6
Abbott Xience PROX 3.5 mm x 28 mm (7082341915193);22.1.2018 14:38;-1;"";4.9.2020;08717648161889;7082341915193;HUS Meilahti kaupinta varasto BMXP BMX6
Abbott Xience PROX 3.5 mm x 28 mm (7082341915862);19.12.2017 8:56;1;"";4.9.2020;08717648161889;7082341915862;HUS Meilahti kaupinta varasto BMXP BMX6
Abbott Xience PROX 3.5 mm x 28 mm (7082341915866);1.2.2018 15:39;1;"";4.9.2020;08717648161889;7082341915866;HUS Meilahti kaupinta varasto BMXP BMX6
Abbott Xience PROX 3.5 mm x 28 mm (7082341915868);1.2.2018 15:41;1;"";4.9.2020;08717648161889;7082341915868;HUS Meilahti kaupinta varasto BMXP BMX6
Abbott Xience PROX 3.5 mm x 28 mm (7082341916347);13.12.2017 9:27;1;"";4.9.2020;08717648161889;7082341916347;HUS Meilahti kaupinta varasto BMXP BMX6
Abbott Xience PROX 3.5 mm x 28 mm (7111541915023);31.1.2018 9:30;1;"";20.11.2020;08717648161889;7111541915023;HUS Meilahti kaupinta varasto BMXP BMX6
Abbott Xience PROX 3.5 mm x 28 mm (7111541915567);28.2.2018 10:50;-1;"";20.11.2020;08717648161889;7111541915567;HUS Meilahti kaupinta varasto BMXP BMX6
Abbott Xience PROX 3.5 mm x 28 mm (7111541915943);3.1.2018 13:55;1;"";20.11.2020;08717648161889;7111541915943;HUS Meilahti kaupinta varasto BMXP BMX6
Abbott Xience PROX 3.5 mm x 28 mm (7111541916136);19.2.2018 10:53;1;"";20.11.2020;08717648161889;7111541916136;HUS Meilahti kaupinta varasto BMXP BMX6
Abbott Xience PROX 3.5 mm x 28 mm (7122041915681);28.2.2018 10:53;1;"";7.1.2021;08717648161889;7122041915681;HUS Meilahti kaupinta varasto BMXP BMX6
Abbott Xience PROX 3.5 mm x 28 mm (8020141915574);27.4.2018 14:14;1;"";11.2.2021;08717648161889;8020141915574;HUS Meilahti kaupinta varasto BMXP BMX6
Abbott Xience PROX 3.5 mm x 38 mm (6111441915459);15.9.2017 10:50;-1;"";22.11.2019;08717648161902;6111441915459;HUS Meilahti kaupinta varasto BMXP BMX6
Abbott Xience PROX 3.5 mm x 38 mm (7111441915155);19.1.2018 13:12;1;"";20.11.2020;08717648161902;7111441915155;HUS Meilahti kaupinta varasto BMXP BMX6
Abbott Xience PROX 4.0 mm x 08 mm (7031341915183);2.3.2018 9:45;1;"";21.3.2020;08717648164460;7031341915183;HUS Meilahti kaupinta varasto BMXP BMX6
Abbott Xience PROX 4.0 mm x 08 mm (7031341915209);2.3.2018 9:42;-2;"";21.3.2020;08717648164460;7031341915209;HUS Meilahti kaupinta varasto BMXP BMX6
Abbott Xience PROX 4.0 mm x 08 mm (7052241915310);14.3.2018 12:49;-1;"";25.5.2020;08717648164460;7052241915310;HUS Meilahti kaupinta varasto BMXP BMX6
Abbott Xience PROX 4.0 mm x 08 mm (7052241915469);2.3.2018 9:45;1;"";25.5.2020;08717648164460;7052241915469;HUS Meilahti kaupinta varasto BMXP BMX6
Abbott Xience PROX 4.0 mm x 08 mm (8011041915041);14.3.2018 13:15;1;"";18.1.2021;08717648164460;8011041915041;HUS Meilahti kaupinta varasto BMXP BMX6
Abbott Xience PROX 4.0 mm x 12 mm (7013141915322);16.1.2018 14:26;-1;"";8.2.2020;08717648164477;7013141915322;HUS Meilahti kaupinta varasto BMXP BMX6
Abbott Xience PROX 4.0 mm x 12 mm (7013141915326);5.4.2018 12:39;1;"";8.2.2020;08717648164477;7013141915326;HUS Meilahti kaupinta varasto BMXP BMX6
Abbott Xience PROX 4.0 mm x 12 mm (7013141915328);16.5.2017 11:06;-1;"";8.2.2020;08717648164477;7013141915328;HUS Meilahti kaupinta varasto BMXP BMX6
Abbott Xience PROX 4.0 mm x 12 mm (7013141915369);27.12.2017 13:11;1;"";8.2.2020;08717648164477;7013141915369;HUS Meilahti kaupinta varasto BMXP BMX6
Abbott Xience PROX 4.0 mm x 12 mm (7062241915013);23.11.2017 12:57;-1;"";4.7.2020;08717648164477;7062241915013;HUS Meilahti kaupinta varasto BMXP BMX6
Abbott Xience PROX 4.0 mm x 12 mm (7090441915010);1.2.2018 15:37;1;"";10.9.2020;08717648164477;7090441915010;HUS Meilahti kaupinta varasto BMXP BMX6
Abbott Xience PROX 4.0 mm x 12 mm (7090441915081);16.1.2018 14:31;1;"";10.9.2020;08717648164477;7090441915081;HUS Meilahti kaupinta varasto BMXP BMX6
Abbott Xience PROX 4.0 mm x 12 mm (7090441915246);26.2.2018 14:05;-2;"";10.9.2020;08717648164477;7090441915246;HUS Meilahti kaupinta varasto BMXP BMX6
Abbott Xience PROX 4.0 mm x 12 mm (7091541915462);27.2.2018 14:31;1;"";25.9.2020;08717648164477;7091541915462;HUS Meilahti kaupinta varasto BMXP BMX6
Abbott Xience PROX 4.0 mm x 15 mm (7010341915096);4.7.2017 13:37;-3;"";8.1.2020;08717648164484;7010341915096;HUS Meilahti kaupinta varasto BMXP BMX6
Abbott Xience PROX 4.0 mm x 15 mm (7010341915099);13.4.2018 13:19;1;"";8.1.2020;08717648164484;7010341915099;HUS Meilahti kaupinta varasto BMXP BMX6
Abbott Xience PROX 4.0 mm x 15 mm (7042741915031);2.10.2017 13:14;-2;"";9.5.2020;08717648164484;7042741915031;HUS Meilahti kaupinta varasto BMXP BMX6
Abbott Xience PROX 4.0 mm x 15 mm (7042741915484);24.7.2017 11:18;-1;"";9.5.2020;08717648164484;7042741915484;HUS Meilahti kaupinta varasto BMXP BMX6
Abbott Xience PROX 4.0 mm x 15 mm (7062741915042);12.1.2018 14:34;-2;"";3.7.2020;08717648164484;7062741915042;HUS Meilahti kaupinta varasto BMXP BMX6
Abbott Xience PROX 4.0 mm x 15 mm (7062741915677);13.12.2017 10:12;1;"";3.7.2020;08717648164484;7062741915677;HUS Meilahti kaupinta varasto BMXP BMX6
Abbott Xience PROX 4.0 mm x 15 mm (8022141915511);11.5.2018 14:12;1;"";8.3.2021;08717648164484;8022141915511;HUS Meilahti kaupinta varasto BMXP BMX6
Abbott Xience PROX 4.0 mm x 18 mm (6102541915482);29.6.2017 12:53;-1;"";1.11.2019;08717648164491;6102541915482;HUS Meilahti kaupinta varasto BMXP BMX6
Abbott Xience PROX 4.0 mm x 18 mm (7041841915311);10.7.2017 8:52;-1;"";26.4.2020;08717648164491;7041841915311;HUS Meilahti kaupinta varasto BMXP BMX6
Abbott Xience PROX 4.0 mm x 18 mm (7051641915015);11.8.2017 13:21;-1;"";22.5.2020;08717648164491;7051641915015;HUS Meilahti kaupinta varasto BMXP BMX6
Abbott Xience PROX 4.0 mm x 18 mm (7051641915145);31.7.2017 13:09;-4;"";22.5.2020;08717648164491;7051641915145;HUS Meilahti kaupinta varasto BMXP BMX6
Abbott Xience PROX 4.0 mm x 18 mm (7051641915202);26.7.2017 14:22;1;"";22.5.2020;08717648164491;7051641915202;HUS Meilahti kaupinta varasto BMXP BMX6
Abbott Xience PROX 4.0 mm x 18 mm (7062841915254);1.12.2017 13:43;-3;"";3.7.2020;08717648164491;7062841915254;HUS Meilahti kaupinta varasto BMXP BMX6
Abbott Xience PROX 4.0 mm x 18 mm (7092741915105);20.12.2017 13:43;1;"";4.10.2020;08717648164491;7092741915105;HUS Meilahti kaupinta varasto BMXP BMX6
Abbott Xience PROX 4.0 mm x 18 mm (7092741915362);1.2.2018 15:35;1;"";4.10.2020;08717648164491;7092741915362;HUS Meilahti kaupinta varasto BMXP BMX6
Abbott Xience PROX 4.0 mm x 23 mm (6122241915668);19.6.2017 14:27;-1;"";11.1.2020;08717648164507;6122241915668;HUS Meilahti kaupinta varasto BMXP BMX6
Abbott Xience PROX 4.0 mm x 23 mm (7050241915231);13.9.2017 10:53;-1;"";9.5.2020;08717648164507;7050241915231;HUS Meilahti kaupinta varasto BMXP BMX6
Abbott Xience PROX 4.0 mm x 23 mm (7050241915328);8.11.2017 13:48;-1;"";9.5.2020;08717648164507;7050241915328;HUS Meilahti kaupinta varasto BMXP BMX6
Abbott Xience PROX 4.0 mm x 23 mm (7062241915112);5.3.2018 14:21;1;"";27.6.2020;08717648164507;7062241915112;HUS Meilahti kaupinta varasto BMXP BMX6
Abbott Xience PROX 4.0 mm x 23 mm (7062241915151);5.3.2018 14:12;-1;"";27.6.2020;08717648164507;7062241915151;HUS Meilahti kaupinta varasto BMXP BMX6
Abbott Xience PROX 4.0 mm x 23 mm (7101841915243);23.3.2018 11:03;1;"";25.10.2020;08717648164507;7101841915243;HUS Meilahti kaupinta varasto BMXP BMX6
Abbott Xience PROX 4.0 mm x 28 mm (7081441915493);1.2.2018 15:35;1;"";24.8.2020;08717648164514;7081441915493;HUS Meilahti kaupinta varasto BMXP BMX6
Abbott Xience PROX 4.0 mm x 33 mm (7071241915137);1.2.2018 15:35;1;"";18.7.2020;08717648164521;7071241915137;HUS Meilahti kaupinta varasto BMXP BMX6
Abbott Xience PROX 4.0 mm x 38 mm (7032441915045);1.2.2018 15:35;1;"";2.4.2020;08717648164538;7032441915045;HUS Meilahti kaupinta varasto BMXP BMX6
BioMatrix Alpha 2.5 x 14 mm (W16040281);15.6.2017 9:47;-1;"";20.4.2017;08888893018706;W16040281;HUS Meilahti kaupinta varasto BMXP BMX6
BioMatrix Alpha 2.5 x 14 mm (W16040281D);13.9.2017 10:53;1;"";20.4.2018;08888893018706;W16040281D;HUS Meilahti kaupinta varasto BMXP BMX6
BioMatrix Alpha 2.5 x 36 mm (W16100620);8.2.2018 9:49;1;"";2.11.2017;08888893018751;W16100620;HUS Meilahti kaupinta varasto BMXP BMX6
BioMatrix Alpha 2.5 x 36 mm (W17040470);8.2.2018 9:58;1;"";26.4.2019;08888893018751;W17040470;HUS Meilahti kaupinta varasto BMXP BMX6
BioMatrix Alpha 2.50 x 19 mm (W16020331);14.3.2018 14:01;-1;"";7.3.2017;08888893018713;W16020331;HUS Meilahti kaupinta varasto BMXP BMX6
BioMatrix Alpha 2.50 x 24 mm (W17050310);8.2.2018 9:34;1;"";22.5.2019;08888893018720;W17050310;HUS Meilahti kaupinta varasto BMXP BMX6
BioMatrix Alpha 2.50 x 24 mm (W17110395);5.4.2018 12:59;1;"";30.11.2019;08888893018720;W17110395;HUS Meilahti kaupinta varasto BMXP BMX6
BioMatrix Alpha 2.50 x 33 mm (W16050384);18.10.2016 14:11;1;"";1.6.2017;08888893018744;W16050384;HUS Meilahti kaupinta varasto BMXP BMX6
BioMatrix Alpha 2.75 x 14 mm (W16030395D);5.4.2018 12:57;-1;"";28.3.2018;08888893018775;W16030395D;HUS Meilahti kaupinta varasto BMXP BMX6
BioMatrix Alpha 2.75 x 14 mm (W17120178);11.5.2018 13:56;2;"";13.12.2019;08888893018775;W17120178;HUS Meilahti kaupinta varasto BMXP BMX6
BioMatrix Alpha 2.75 x 14 mm (W18020178);11.5.2018 14:12;1;"";19.2.2020;08888893018775;W18020178;HUS Meilahti kaupinta varasto BMXP BMX6
BioMatrix Alpha 2.75 x 19 mm (W17030421);23.1.2018 13:10;1;"";27.3.2019;08888893018782;W17030421;HUS Meilahti kaupinta varasto BMXP BMX6
BioMatrix Alpha 2.75 x 19 mm (W17110391);4.5.2018 11:16;1;"";30.11.2019;08888893018782;W17110391;HUS Meilahti kaupinta varasto BMXP BMX6
BioMatrix Alpha 2.75 x 24 mm (W16050407D);26.3.2018 13:54;1;"";1.6.2018;08888893018799;W16050407D;HUS Meilahti kaupinta varasto BMXP BMX6
BioMatrix Alpha 2.75 x 29 mm (W16020202D);2.10.2017 13:19;1;"";28.2.2018;08888893018805;W16020202D;HUS Meilahti kaupinta varasto BMXP BMX6
BioMatrix Alpha 2.75 x 33 mm (W18010083);20.3.2018 13:23;1;"";10.1.2020;08888893018812;W18010083;HUS Meilahti kaupinta varasto BMXP BMX6
BioMatrix Alpha 3.00 x 09 mm (W17040468);7.5.2018 13:57;1;"";26.4.2019;08888893018836;W17040468;HUS Meilahti kaupinta varasto BMXP BMX6
BioMatrix Alpha 3.00 x 14 mm (W16030576);24.7.2017 11:18;-1;"";4.4.2017;08888893018843;W16030576;HUS Meilahti kaupinta varasto BMXP BMX6
BioMatrix Alpha 3.00 x 14 mm (W16030576D);2.11.2017 13:20;1;"";4.4.2018;08888893018843;W16030576D;HUS Meilahti kaupinta varasto BMXP BMX6
BioMatrix Alpha 3.00 x 14 mm (W16040283D);7.11.2017 14:13;1;"";20.4.2018;08888893018843;W16040283D;HUS Meilahti kaupinta varasto BMXP BMX6
BioMatrix Alpha 3.00 x 14 mm (W17060224);26.3.2018 14:19;2;"";19.6.2019;08888893018843;W17060224;HUS Meilahti kaupinta varasto BMXP BMX6
BioMatrix Alpha 3.00 x 14 mm (W17100057);7.5.2018 13:20;2;"";10.10.2019;08888893018843;W17100057;HUS Meilahti kaupinta varasto BMXP BMX6
BioMatrix Alpha 3.00 x 14 mm (W18020180);7.5.2018 13:57;2;"";19.2.2020;08888893018843;W18020180;HUS Meilahti kaupinta varasto BMXP BMX6
BioMatrix Alpha 3.00 x 19 mm (W16100609);21.4.2017 13:06;-1;"";2.11.2017;08888893018850;W16100609;HUS Meilahti kaupinta varasto BMXP BMX6
BioMatrix Alpha 3.00 x 19 mm (W17030221);13.12.2017 10:06;-3;"";16.3.2019;08888893018850;W17030221;HUS Meilahti kaupinta varasto BMXP BMX6
BioMatrix Alpha 3.00 x 19 mm (W17030441);12.1.2018 14:43;-1;"";29.3.2019;08888893018850;W17030441;HUS Meilahti kaupinta varasto BMXP BMX6
BioMatrix Alpha 3.00 x 19 mm (W17060083);20.4.2018 13:52;1;"";12.6.2019;08888893018850;W17060083;HUS Meilahti kaupinta varasto BMXP BMX6
BioMatrix Alpha 3.00 x 19 mm (W18010354);3.5.2018 10:45;4;"";22.1.2020;08888893018850;W18010354;HUS Meilahti kaupinta varasto BMXP BMX6
BioMatrix Alpha 3.00 x 19 mm (W18030449);3.5.2018 10:56;2;"";2.4.2020;08888893018850;W18030449;HUS Meilahti kaupinta varasto BMXP BMX6
BioMatrix Alpha 3.00 x 24 mm (W16100610);16.10.2017 10:38;1;"";2.11.2017;08888893018867;W16100610;HUS Meilahti kaupinta varasto BMXP BMX6
BioMatrix Alpha 3.00 x 24 mm (W17030227);5.12.2017 9:49;1;"";16.3.2019;08888893018867;W17030227;HUS Meilahti kaupinta varasto BMXP BMX6
BioMatrix Alpha 3.00 x 24 mm (W17040449);23.1.2018 13:10;2;"";26.4.2019;08888893018867;W17040449;HUS Meilahti kaupinta varasto BMXP BMX6
BioMatrix Alpha 3.00 x 24 mm (W17110398);3.5.2018 13:50;2;"";30.11.2019;08888893018867;W17110398;HUS Meilahti kaupinta varasto BMXP BMX6
BioMatrix Alpha 3.00 x 29 mm (W17070095);22.1.2018 14:43;1;"";7.7.2019;08888893018874;W17070095;HUS Meilahti kaupinta varasto BMXP BMX6
BioMatrix Alpha 3.00 x 33 mm (W18010089);21.3.2018 12:43;2;"";10.1.2020;08888893018881;W18010089;HUS Meilahti kaupinta varasto BMXP BMX6
BioMatrix Alpha 3.00 x 36 mm (W16120080);19.6.2017 14:27;1;"";13.12.2017;08888893018898;W16120080;HUS Meilahti kaupinta varasto BMXP BMX6
BioMatrix Alpha 3.00 x 36 mm (W17030204);7.11.2017 13:46;2;"";16.3.2019;08888893018898;W17030204;HUS Meilahti kaupinta varasto BMXP BMX6
BioMatrix Alpha 3.5 x 09 mm (W17030103);16.1.2018 14:06;1;"";6.3.2019;08888893018904;W17030103;HUS Meilahti kaupinta varasto BMXP BMX6
BioMatrix Alpha 3.5 x 14 mm (W16030054);15.6.2017 9:48;-1;"";7.3.2017;08888893018911;W16030054;HUS Meilahti kaupinta varasto BMXP BMX6
BioMatrix Alpha 3.5 x 14 mm (W16030054D);9.8.2017 11:33;1;"";7.3.2018;08888893018911;W16030054D;HUS Meilahti kaupinta varasto BMXP BMX6
BioMatrix Alpha 3.5 x 14 mm (W17120379);4.5.2018 14:39;4;"";26.12.2019;08888893018911;W17120379;HUS Meilahti kaupinta varasto BMXP BMX6
BioMatrix Alpha 3.5 x 19 mm (W16050106D);2.1.2018 11:02;-1;"";9.5.2018;08888893018928;W16050106D;HUS Meilahti kaupinta varasto BMXP BMX6
BioMatrix Alpha 3.5 x 19 mm (W17110511);4.5.2018 14:34;3;"";5.12.2019;08888893018928;W17110511;HUS Meilahti kaupinta varasto BMXP BMX6
BioMatrix Alpha 3.5 x 24 mm (W16040542);7.8.2017 9:12;-3;"";3.5.2017;08888893018935;W16040542;HUS Meilahti kaupinta varasto BMXP BMX6
BioMatrix Alpha 3.5 x 24 mm (W16040542D);5.9.2017 14:08;3;"";3.5.2018;08888893018935;W16040542D;HUS Meilahti kaupinta varasto BMXP BMX6
BioMatrix Alpha 3.5 x 24 mm (W17110516);4.5.2018 11:16;3;"";5.12.2019;08888893018935;W17110516;HUS Meilahti kaupinta varasto BMXP BMX6
BioMatrix Alpha 3.5 x 29 mm (W17090084);20.3.2018 14:17;2;"";22.9.2019;08888893018942;W17090084;HUS Meilahti kaupinta varasto BMXP BMX6
BioMatrix Alpha 3.5 x 36 mm (W16040537D);13.12.2017 9:27;1;"";3.5.2018;08888893018966;W16040537D;HUS Meilahti kaupinta varasto BMXP BMX6
BioMatrix Alpha 3.5 x 36 mm (W17050313);19.3.2018 14:01;1;"";22.5.2019;08888893018966;W17050313;HUS Meilahti kaupinta varasto BMXP BMX6
BioMatrix Alpha 4.0 x 14 mm (W17110521);4.5.2018 14:39;1;"";5.12.2019;08888893018980;W17110521;HUS Meilahti kaupinta varasto BMXP BMX6
BioMatrix Alpha 4.00 x 19 mm (W16040358);23.11.2017 12:57;1;"";25.4.2017;08888893018997;W16040358;HUS Meilahti kaupinta varasto BMXP BMX6
BioMatrix Alpha 4.00 x 19 mm (W16050126D);20.3.2018 14:17;3;"";11.5.2018;08888893018997;W16050126D;HUS Meilahti kaupinta varasto BMXP BMX6
BioMatrix Alpha 4.00 x 24 mm (W16050085D);20.3.2018 14:17;1;"";9.5.2018;08888893019000;W16050085D;HUS Meilahti kaupinta varasto BMXP BMX6
BioMatrix NeoFlex 2.75 x 28mm (W16030262);29.6.2017 12:44;-1;"";16.3.2018;08888893016320;W16030262;HUS Meilahti kaupinta varasto BMXP BMX6
